{
    "RMSNorm": {
        "latency": 0.0417530391515625,
        "utilization": 0.018835323511308275,
        "cp_latency": 0.0016777216,
        "energy": 6784431685.632
    },
    "QKV_fusion": {
        "latency": 2.808650418296824,
        "utilization": 0.9994722550848955,
        "cp_latency": 2.8071681673202615,
        "energy": 157133578300.29312
    },
    "Flashatten": {
        "latency": 1.9105418813529413,
        "utilization": 0.9997205162549894,
        "cp_latency": 1.910007915952941,
        "energy": 2616257911650.8115
    },
    "Linear": {
        "latency": 0.9369165823033684,
        "utilization": 0.9987257565018796,
        "cp_latency": 0.9357227224400871,
        "energy": 55843234056.76545
    },
    "RMSNorm2": {
        "latency": 0.0417530391515625,
        "utilization": 0.018835323511308275,
        "cp_latency": 0.0016777216,
        "energy": 6784431685.632
    },
    "ResAdd": {
        "latency": 0.0418565536,
        "utilization": 0.00454061272736989,
        "cp_latency": 0.0001900544,
        "energy": 8911842390.835201
    },
    "FFNup&SiLU": {
        "latency": 2.51812840291546,
        "utilization": 0.9994560876595112,
        "cp_latency": 2.516758761802179,
        "energy": 2417672139035.377
    },
    "FFNgate": {
        "latency": 2.516124457671016,
        "utilization": 0.9994556544653006,
        "cp_latency": 2.5147548165577347,
        "energy": 155739178029.54752
    },
    "Hadamard": {
        "latency": 0.1066131072,
        "utilization": 0.004794727528586654,
        "cp_latency": 0.0005019648000000001,
        "energy": 23291392897.8432
    },
    "FFNdown": {
        "latency": 2.5158955758350783,
        "utilization": 0.9995465792426756,
        "cp_latency": 2.5147548165577343,
        "energy": 154503689079.35745
    },
    "ResAdd2": {
        "latency": 0.0418565536,
        "utilization": 0.00454061272736989,
        "cp_latency": 0.0001900544,
        "energy": 8911842390.835201
    },
    "TotalLayer": {
        "latency": 0.43136286755449,
        "energy": 5611833671202.929,
        "utilization": 97.94745508650405,
        "cp_latency": 0.42250895095779
    }
}