{
    "RMSNorm": {
        "latency": 0.00571020348125,
        "utilization": 0.29381117599555945,
        "cp_latency": 0.0016777216,
        "total_energy": 10825368600.576,
        "NoC_energy": 0.0,
        "DRAM_energy": 10825330851.84,
        "Compute_energy": 37748.736
    },
    "QKV_fusion": {
        "latency": 6.316506501470589,
        "utilization": 0.9999401370045432,
        "cp_latency": 6.316128376470589,
        "total_energy": 30814865205913.2,
        "NoC_energy": 125766950348.39037,
        "DRAM_energy": 30688228524687.367,
        "Compute_energy": 869730877.4400003
    },
    "Flashatten": {
        "latency": 1.0538546166950982,
        "utilization": 0.9997045995291303,
        "cp_latency": 1.0535433075450982,
        "total_energy": 4609703924641.235,
        "NoC_energy": 1072634066035.0159,
        "DRAM_energy": 3537060187078.6562,
        "Compute_energy": 9671527.563264003
    },
    "Linear": {
        "latency": 2.105754250490196,
        "utilization": 0.9998204325125253,
        "cp_latency": 2.105376125490196,
        "total_energy": 8183473060498.637,
        "NoC_energy": 41922316782.7968,
        "DRAM_energy": 8141299488129.023,
        "Compute_energy": 251255586.8160001
    },
    "RMSNorm2": {
        "latency": 0.00571020348125,
        "utilization": 0.29381117599555945,
        "cp_latency": 0.0016777216,
        "total_energy": 10825368600.576,
        "NoC_energy": 0.0,
        "DRAM_energy": 10825330851.84,
        "Compute_energy": 37748.736
    },
    "ResAdd": {
        "latency": 0.0070762144,
        "utilization": 0.05927327470462173,
        "cp_latency": 0.0004194304,
        "total_energy": 19983091280117.766,
        "NoC_energy": 0.0,
        "DRAM_energy": 19983091258884.1,
        "Compute_energy": 21233.663999999997
    },
    "FFNup&SiLU": {
        "latency": 8.428609138360784,
        "utilization": 0.9999532841073141,
        "cp_latency": 8.428215388360785,
        "total_energy": 36378851213542.68,
        "NoC_energy": 169132376142.64322,
        "DRAM_energy": 36208945127227.39,
        "Compute_energy": 773710172.6515199
    },
    "FFNgate": {
        "latency": 8.421882626960784,
        "utilization": 0.9999551020814765,
        "cp_latency": 8.421504501960785,
        "total_energy": 32835528348087.094,
        "NoC_energy": 167689267131.1872,
        "DRAM_energy": 32666834058608.64,
        "Compute_energy": 1005022347.2640004
    },
    "Hadamard": {
        "latency": 0.019904857600000003,
        "utilization": 0.08428704358075889,
        "cp_latency": 0.0016777216,
        "total_energy": 80506619427815.4,
        "NoC_energy": 0.0,
        "DRAM_energy": 80506619342880.75,
        "Compute_energy": 84934.65599999999
    },
    "FFNdown": {
        "latency": 8.421882626960784,
        "utilization": 0.9999551020814765,
        "cp_latency": 8.421504501960785,
        "total_energy": 9339033581990.707,
        "NoC_energy": 167689267131.1872,
        "DRAM_energy": 9170648530157.568,
        "Compute_energy": 695784701.9520001
    },
    "ResAdd2": {
        "latency": 0.0070762144,
        "utilization": 0.05927327470462173,
        "cp_latency": 0.0004194304,
        "total_energy": 19983091280117.766,
        "NoC_energy": 0.0,
        "DRAM_energy": 19983091258884.1,
        "Compute_energy": 21233.663999999997
    },
    "TotalLayer": {
        "latency": 1.1134069585376236,
        "total_energy": 242655908059925.62,
        "NoC_energy": 1744834243571.221,
        "DRAM_energy": 240907468438241.28,
        "Compute_energy": 3605378113.142785,
        "utilization": 99.87979747648083,
        "cp_latency": 1.1120686152764236
    }
}