{
    "RMSNorm": {
        "latency": 0.021812144,
        "utilization": 0.012018259186258812,
        "cp_latency": 6.5536e-05,
        "total_energy": 4065188020.224,
        "NoC_energy": 0.0,
        "DRAM_energy": 4065186545.664,
        "Compute_energy": 1474.56
    },
    "QKV_fusion": {
        "latency": 0.03333506070006127,
        "utilization": 0.03613930369566499,
        "cp_latency": 0.001204705882352941,
        "total_energy": 100103980459.62242,
        "NoC_energy": 704960161.3824,
        "DRAM_energy": 99398965002.24002,
        "Compute_energy": 55295.99999999999
    },
    "Flashatten": {
        "latency": 0.000107549452190849,
        "utilization": 0,
        "cp_latency": 1.2549019607843137e-06,
        "total_energy": 0,
        "NoC_energy": 0,
        "DRAM_energy": 0,
        "Compute_energy": 0
    },
    "Linear": {
        "latency": 0.019688124617034314,
        "utilization": 0.020396489521584,
        "cp_latency": 0.0004015686274509804,
        "total_energy": 151268329793.1264,
        "NoC_energy": 693729912.4224,
        "DRAM_energy": 150574574075.90402,
        "Compute_energy": 25804.799999999992
    },
    "RMSNorm2": {
        "latency": 0.021812144,
        "utilization": 0.012018259186258812,
        "cp_latency": 6.5536e-05,
        "total_energy": 4065188020.224,
        "NoC_energy": 0.0,
        "DRAM_energy": 4065186545.664,
        "Compute_energy": 1474.56
    },
    "ResAdd": {
        "latency": 0.0017922443281250002,
        "utilization": 3.570941695597673e-05,
        "cp_latency": 1.28e-07,
        "total_energy": 6251392009.632001,
        "NoC_energy": 0.0,
        "DRAM_energy": 6251392008.192001,
        "Compute_energy": 1.44
    },
    "FFNup&SiLU": {
        "latency": 0.03958785003063726,
        "utilization": 0.04060080324038876,
        "cp_latency": 0.0016072985098039216,
        "total_energy": 188695811502.3052,
        "NoC_energy": 704960161.3824,
        "DRAM_energy": 187990718545.91995,
        "Compute_energy": 132795.00287999996
    },
    "FFNgate": {
        "latency": 0.03958785003063726,
        "utilization": 0.04057493671823089,
        "cp_latency": 0.0016062745098039215,
        "total_energy": 192806095119.97433,
        "NoC_energy": 704960161.3824,
        "DRAM_energy": 192101002248.19196,
        "Compute_energy": 132710.39999999997
    },
    "Hadamard": {
        "latency": 0.030365536,
        "utilization": 0.002158236232023041,
        "cp_latency": 2.56e-07,
        "total_energy": 5192615829.504,
        "NoC_energy": 0.0,
        "DRAM_energy": 5192615460.863999,
        "Compute_energy": 368.64
    },
    "FFNdown": {
        "latency": 0.03958785003063726,
        "utilization": 0.04057493671823089,
        "cp_latency": 0.0016062745098039215,
        "total_energy": 192806095119.97433,
        "NoC_energy": 704960161.3824,
        "DRAM_energy": 192101002248.19196,
        "Compute_energy": 132710.39999999997
    },
    "ResAdd2": {
        "latency": 0.0017922443281250002,
        "utilization": 3.570941695597673e-05,
        "cp_latency": 1.28e-07,
        "total_energy": 6251392009.632001,
        "NoC_energy": 0.0,
        "DRAM_energy": 6251392008.192001,
        "Compute_energy": 1.44
    },
    "TotalLayer": {
        "latency": 0.009978743900697926,
        "total_energy": 851506087884.2188,
        "NoC_energy": 3513570557.952,
        "DRAM_energy": 847992034689.0238,
        "Compute_energy": 482637.2428799999,
        "utilization": 2.6291729726494846,
        "cp_latency": 0.00026235843764705886
    }
}