{
    "RMSNorm": {
        "latency": 0.082598576,
        "utilization": 0.012694843552750837,
        "cp_latency": 0.000131072,
        "total_energy": 15661604143.103998,
        "NoC_energy": 0.0,
        "DRAM_energy": 15661598244.863998,
        "Compute_energy": 5898.24
    },
    "QKV_fusion": {
        "latency": 0.0333491783471201,
        "utilization": 0.14449601963965325,
        "cp_latency": 0.004818823529411764,
        "total_energy": 100104146347.62242,
        "NoC_energy": 704960161.3824,
        "DRAM_energy": 99398965002.24002,
        "Compute_energy": 221183.99999999997
    },
    "Flashatten": {
        "latency": 0.0003830010900696046,
        "utilization": 0,
        "cp_latency": 2.007843137254902e-05,
        "total_energy": 0,
        "NoC_energy": 0,
        "DRAM_energy": 0,
        "Compute_energy": 0
    },
    "Linear": {
        "latency": 0.019692830499387255,
        "utilization": 0.08156646195953908,
        "cp_latency": 0.0016062745098039215,
        "total_energy": 151268407207.52643,
        "NoC_energy": 693729912.4224,
        "DRAM_energy": 150574574075.90402,
        "Compute_energy": 103219.19999999997
    },
    "RMSNorm2": {
        "latency": 0.082598576,
        "utilization": 0.012694843552750837,
        "cp_latency": 0.000131072,
        "total_energy": 15661604143.103998,
        "NoC_energy": 0.0,
        "DRAM_energy": 15661598244.863998,
        "Compute_energy": 5898.24
    },
    "ResAdd": {
        "latency": 0.0018252273125,
        "utilization": 0.00014025650298283052,
        "cp_latency": 2.56e-07,
        "total_energy": 20710869183.744003,
        "NoC_energy": 0.0,
        "DRAM_energy": 20710869172.224003,
        "Compute_energy": 11.519999999999998
    },
    "FFNup&SiLU": {
        "latency": 0.039606673560049016,
        "utilization": 0.16232602895742224,
        "cp_latency": 0.006429194039215686,
        "total_energy": 188696209887.31384,
        "NoC_energy": 704960161.3824,
        "DRAM_energy": 187990718545.91995,
        "Compute_energy": 531180.0115199998
    },
    "FFNgate": {
        "latency": 0.039606673560049016,
        "utilization": 0.1622226120422453,
        "cp_latency": 0.006425098039215686,
        "total_energy": 192806493251.17435,
        "NoC_energy": 704960161.3824,
        "DRAM_energy": 192101002248.19196,
        "Compute_energy": 530841.5999999999
    },
    "Hadamard": {
        "latency": 0.12056214400000001,
        "utilization": 0.002174347529851493,
        "cp_latency": 1.024e-06,
        "total_energy": 20654499201.024002,
        "NoC_energy": 0.0,
        "DRAM_energy": 20654497726.464,
        "Compute_energy": 1474.56
    },
    "FFNdown": {
        "latency": 0.039606673560049016,
        "utilization": 0.1622226120422453,
        "cp_latency": 0.006425098039215686,
        "total_energy": 192806493251.17435,
        "NoC_energy": 704960161.3824,
        "DRAM_energy": 192101002248.19196,
        "Compute_energy": 530841.5999999999
    },
    "ResAdd2": {
        "latency": 0.0018252273125,
        "utilization": 0.00014025650298283052,
        "cp_latency": 2.56e-07,
        "total_energy": 20710869183.744003,
        "NoC_energy": 0.0,
        "DRAM_energy": 20710869172.224003,
        "Compute_energy": 11.519999999999998
    },
    "TotalLayer": {
        "latency": 0.01846619124966896,
        "total_energy": 919081195799.5315,
        "NoC_energy": 3513570557.952,
        "DRAM_energy": 915565694681.088,
        "Compute_energy": 1930560.4915199995,
        "utilization": 5.629368013547716,
        "cp_latency": 0.0010395298635294116
    }
}