{
    "RMSNorm": {
        "latency": 0.015096793878906252,
        "utilization": 0.01736421667426197,
        "cp_latency": 0.001048576,
        "energy": 2314191922.7904
    },
    "QKV_fusion": {
        "latency": 0.5500691733047385,
        "utilization": 0.9967383363546425,
        "cp_latency": 0.5482750326797385,
        "energy": 37515054840.54528
    },
    "Flashatten": {
        "latency": 0.08328469396470589,
        "utilization": 0.9935886730852814,
        "cp_latency": 0.08275072856470587,
        "energy": 114359130172.74344
    },
    "Linear": {
        "latency": 0.18459643016407948,
        "utilization": 0.990042678854265,
        "cp_latency": 0.1827583442265795,
        "energy": 13673175564.943361
    },
    "RMSNorm2": {
        "latency": 0.015096793878906252,
        "utilization": 0.01736421667426197,
        "cp_latency": 0.001048576,
        "energy": 2314191922.7904
    },
    "ResAdd": {
        "latency": 0.0095016384,
        "utilization": 0.0031038015506883528,
        "cp_latency": 3.0720000000000004e-05,
        "energy": 2922295748.1984005
    },
    "FFNup&SiLU": {
        "latency": 0.4955635670555148,
        "utilization": 0.9963648158107067,
        "cp_latency": 0.4937621022117648,
        "energy": 147112284037.05444
    },
    "FFNgate": {
        "latency": 0.4952489942555148,
        "utilization": 0.9963625068104216,
        "cp_latency": 0.4934475294117648,
        "energy": 33602617170.98496
    },
    "Hadamard": {
        "latency": 0.019635217100000005,
        "utilization": 0.004224246647112447,
        "cp_latency": 8.11008e-05,
        "energy": 3930096402.4320006
    },
    "FFNdown": {
        "latency": 0.4952856153492648,
        "utilization": 0.9962888364197618,
        "cp_latency": 0.4934475294117648,
        "energy": 33847228980.264957
    },
    "ResAdd2": {
        "latency": 0.0095016384,
        "utilization": 0.0031038015506883528,
        "cp_latency": 3.0720000000000004e-05,
        "energy": 2922295748.1984005
    },
    "TotalLayer": {
        "latency": 0.09491522223006524,
        "energy": 394512562510.94604,
        "utilization": 96.78873020976077,
        "cp_latency": 0.09186723837225272
    }
}