{
    "RMSNorm": {
        "latency": 0.0217268247515625,
        "utilization": 0.01809818068200332,
        "cp_latency": 0.0008388608
    },
    "QKV_fusion": {
        "latency": 0.07340265799568525,
        "utilization": 0.9570190028571008,
        "cp_latency": 0.0702477385620915
    },
    "Flashatten": {
        "latency": 0.025552443953906247,
        "utilization": 0.9809510841787078,
        "cp_latency": 0.0250656976
    },
    "Linear": {
        "latency": 0.025137726818874252,
        "utilization": 0.9315047865206748,
        "cp_latency": 0.023415912854030503
    },
    "RMSNorm2": {
        "latency": 0.0217268247515625,
        "utilization": 0.01809818068200332,
        "cp_latency": 0.0008388608
    },
    "ResAdd": {
        "latency": 0.0023026121,
        "utilization": 0.0022791507088840536,
        "cp_latency": 5.12e-06
    },
    "FFNup&SiLU": {
        "latency": 0.06633260198278526,
        "utilization": 0.9495716458374328,
        "cp_latency": 0.06298755803747276
    },
    "FFNgate": {
        "latency": 0.06628244873834081,
        "utilization": 0.9495334887442447,
        "cp_latency": 0.06293740479302831
    },
    "Hadamard": {
        "latency": 0.004364800309375,
        "utilization": 0.0032316713251928342,
        "cp_latency": 1.31072e-05
    },
    "FFNdown": {
        "latency": 0.06433695313287206,
        "utilization": 0.9782465865774941,
        "cp_latency": 0.06293740479302831
    },
    "ResAdd2": {
        "latency": 0.0023026121,
        "utilization": 0.0022791507088840536,
        "cp_latency": 5.12e-06
    },
    "TotalLayer": {
        "latency": 0.011950992212318845,
        "utilization": 82.81629640647606,
        "cp_latency": 0.009897369134068844
    }
}