{
    "RMSNorm": {
        "latency": 0.0007012144,
        "utilization": 0.03738428646074581,
        "cp_latency": 2.62144e-05,
        "total_energy": 103079362.55999999,
        "NoC_energy": 0.0,
        "DRAM_energy": 103079215.10399999,
        "Compute_energy": 147.456
    },
    "QKV_fusion": {
        "latency": 0.05033967757352941,
        "utilization": 0.06126473603885861,
        "cp_latency": 0.0030840470588235297,
        "total_energy": 569066871890.903,
        "NoC_energy": 256010920.91904002,
        "DRAM_energy": 568810436296.7039,
        "Compute_energy": 424673.28000000014
    },
    "Flashatten": {
        "latency": 3.0820110820412606e-05,
        "utilization": 0,
        "cp_latency": 5.019607843137255e-07,
        "total_energy": 0,
        "NoC_energy": 0,
        "DRAM_energy": 0,
        "Compute_energy": 0
    },
    "Linear": {
        "latency": 0.0180379414624183,
        "utilization": 0.05699185178177679,
        "cp_latency": 0.0010280156862745098,
        "total_energy": 128515662602.56767,
        "NoC_energy": 85336973.63968,
        "DRAM_energy": 128430259568.64,
        "Compute_energy": 66060.288
    },
    "RMSNorm2": {
        "latency": 0.0007012144,
        "utilization": 0.03738428646074581,
        "cp_latency": 2.62144e-05,
        "total_energy": 103079362.55999999,
        "NoC_energy": 0.0,
        "DRAM_energy": 103079215.10399999,
        "Compute_energy": 147.456
    },
    "ResAdd": {
        "latency": 0.0028041631906250003,
        "utilization": 7.303426586751307e-05,
        "cp_latency": 2.048e-07,
        "total_energy": 17529506370.048004,
        "NoC_energy": 0.0,
        "DRAM_energy": 17529506365.440002,
        "Compute_energy": 4.608
    },
    "FFNup&SiLU": {
        "latency": 0.04547872271433313,
        "utilization": 0.06079752446502475,
        "cp_latency": 0.002764993756862745,
        "total_energy": 322680096206.27356,
        "NoC_energy": 341347894.55872,
        "DRAM_energy": 322338570633.216,
        "Compute_energy": 177678.49881599998
    },
    "FFNgate": {
        "latency": 0.04547872271433313,
        "utilization": 0.06074911501399797,
        "cp_latency": 0.002762792156862745,
        "total_energy": 333841642325.2786,
        "NoC_energy": 341347894.55872,
        "DRAM_energy": 333500116893.6959,
        "Compute_energy": 177537.02399999998
    },
    "Hadamard": {
        "latency": 0.0013254253,
        "utilization": 0.01328841391514105,
        "cp_latency": 5.504000000000001e-07,
        "total_energy": 211795673.85599998,
        "NoC_energy": 0.0,
        "DRAM_energy": 211795574.78399998,
        "Compute_energy": 99.072
    },
    "FFNdown": {
        "latency": 0.04573781695261438,
        "utilization": 0.0604049852166113,
        "cp_latency": 0.002762792156862745,
        "total_energy": 180851541928.83713,
        "NoC_energy": 351177665.41312003,
        "DRAM_energy": 180500161363.96802,
        "Compute_energy": 202899.45599999998
    },
    "ResAdd2": {
        "latency": 0.0028041631906250003,
        "utilization": 7.303426586751307e-05,
        "cp_latency": 2.048e-07,
        "total_energy": 17529506370.048004,
        "NoC_energy": 0.0,
        "DRAM_energy": 17529506365.440002,
        "Compute_energy": 4.608
    },
    "TotalLayer": {
        "latency": 0.006830076224297558,
        "total_energy": 1570432782092.9321,
        "NoC_energy": 1375221349.0892801,
        "DRAM_energy": 1569056511492.0957,
        "Compute_energy": 1049251.7468160002,
        "utilization": 5.83608436211931,
        "cp_latency": 0.0003986090104470588
    }
}