name,tag,iteration_start,iteration_end,batch_size,prompt_tasks_in_batch,memory,pending_requests,pending_tasks,blocked_tasks,pending_prompts,earliest_request_id,memory_allocs_size,num_contiguous_iterations,batch_tokens,pending_tokens
None_12,prompt,2.1,3.712173660983889,1,1,138806330880,1,0,0,0,7717,2,1,0,0
None_12,prompt,7.0,7.390611258127737,1,1,135943718400.0,1,0,0,0,7741,2,1,0,0
None_12,prompt,7.4,7.595068956226376,1,1,135466616320.0,1,0,0,0,7748,2,1,0,0
None_12,prompt,7.900000000000001,9.195516532534263,1,1,138059220480.0,4,3,0,3,7765,2,1,0,1156
None_12,prompt,9.195516532534263,10.479922288631697,3,3,138038248960.0,4,1,0,1,7766,4,1,0,1665
None_12,prompt,10.479922288631697,12.329866565363726,1,1,139367319040.0,6,5,0,5,7786,2,1,0,4032
