name,tag,iteration_start,iteration_end,batch_size,prompt_tasks_in_batch,memory,pending_requests,pending_tasks,blocked_tasks,pending_prompts,earliest_request_id,memory_allocs_size,num_contiguous_iterations,batch_tokens,pending_tokens
None_14,prompt,2.3,2.9569566390783972,1,1,136575485440,1,0,0,0,7719,2,1,0,0
None_14,prompt,4.0,6.579065103033931,1,1,140900861440.0,2,1,0,1,7724,2,1,0,1135
None_14,prompt,6.5790651030339315,7.840138228614023,1,1,137977955840.0,2,1,0,1,7737,2,1,0,1829
None_14,prompt,7.840138228614023,9.872299238910049,1,1,139797235200.0,2,1,0,1,7758,2,1,0,1173
None_14,prompt,9.872299238910049,11.175593314950092,1,1,138077570560.0,2,1,0,1,7767,2,1,0,3724
None_14,prompt,11.175593314950092,15.444232623260472,1,1,144764864000.0,8,7,0,7,7795,2,1,0,10872
