name,tag,iteration_start,iteration_end,batch_size,prompt_tasks_in_batch,memory,pending_requests,pending_tasks,blocked_tasks,pending_prompts,earliest_request_id,memory_allocs_size,num_contiguous_iterations,batch_tokens,pending_tokens
None_18,token,7.8415237266609,8.147922281314203,1,0,142122452480.0,2,1,0,0,7735,3,1.0,0,1
None_18,token,8.147922281314203,10.65808668338504,2,0,142151288320.0,2,0,0,0,7735,3,8.0,0,0
None_18,token,10.65808668338504,10.966564098700333,1,0,146175198720.0,2,1,0,0,7735,3,1.0,0,1
None_18,token,10.966564098700335,11.608638495377537,2,0,156086863360.0,3,1,0,0,7735,4,2.0,0,1
None_18,token,11.608638495377537,12.601837384568892,2,0,154679150080.0,3,1,0,0,7744,4,3.0,0,1
None_18,token,12.601837384568892,14.953370894400301,3,0,154697500160.0,3,0,0,0,7744,4,7,0,0
