name,tag,iteration_start,iteration_end,batch_size,prompt_tasks_in_batch,memory,pending_requests,pending_tasks,blocked_tasks,pending_prompts,earliest_request_id,memory_allocs_size,num_contiguous_iterations,batch_tokens,pending_tokens
None_19,token,6.73169409233161,7.637896877154087,1,0,136551892480.0,2,1,0,0,7739,3,3.0,0,1
None_19,token,7.637896877154087,9.460542239337652,2,0,139123525120.0,3,1,0,0,7731,4,6.0,0,1
None_19,token,9.460542239337652,11.30063317545494,2,0,141446120960.0,3,1,0,0,7731,4,6.0,0,1
None_19,token,11.30063317545494,11.612875013845377,3,0,148943439360.0,4,1,0,0,7731,5,1.0,0,1
None_19,token,11.612875013845375,12.5893587387486,4,0,157206218240.0,5,1,0,0,7731,6,3.0,0,1
None_19,token,12.5893587387486,13.269896738933948,5,0,165801920000.0,6,1,0,0,7731,7,2.0,0,1
None_19,token,13.269896738933948,13.624441518662671,5,0,165683955200.0,6,1,0,0,7731,7,1.0,0,1
None_19,token,13.624441518662671,15.046150954436547,6,0,165697062400.0,6,0,0,0,7731,7,4.0,0,0
None_19,token,15.046150954436547,15.37305952922393,4,0,149674821120.0,4,0,0,0,7731,5,1.0,0,0
