name,tag,iteration_start,iteration_end,batch_size,prompt_tasks_in_batch,memory,pending_requests,pending_tasks,blocked_tasks,pending_prompts,earliest_request_id,memory_allocs_size,num_contiguous_iterations,batch_tokens,pending_tokens
None_2,prompt,5.699999999999999,6.838854584774973,1,1,137689597440,1,0,0,0,7730,2,1,0,0
None_2,prompt,7.8,8.082133631604249,1,1,135214958080.0,2,1,0,1,7757,2,1,0,2825
None_2,prompt,8.082133631604249,11.320293149857962,1,1,142408189440.0,2,1,0,1,7762,2,1,0,3192
None_2,prompt,11.320293149857964,14.979126842695432,1,1,143370257920.0,3,2,0,2,7771,2,1,0,6181
