name,tag,iteration_start,iteration_end,batch_size,prompt_tasks_in_batch,memory,pending_requests,pending_tasks,blocked_tasks,pending_prompts,earliest_request_id,memory_allocs_size,num_contiguous_iterations,batch_tokens,pending_tokens
None_28,token,8.79794531951211,11.246961253704388,1,0,144665249280.0,3,2,0,0,7752,4,8.0,0,2
None_28,token,11.246961253704388,11.87349101660275,2,0,150484846080.0,3,1,0,0,7743,4,2.0,0,1
None_28,token,11.873491016602753,13.516590463010333,3,0,155788019200.0,4,1,0,0,7743,5,5.0,0,1
None_28,token,13.516590463010333,15.207154886092978,4,0,164171384320.0,5,1,0,0,7743,6,5.0,0,1
