{
    "RMSNorm": {
        "latency": 0.0417530391515625,
        "utilization": 0.018835323511308275,
        "cp_latency": 0.0016777216,
        "total_energy": 13594946302.7712,
        "NoC_energy": 0.0,
        "DRAM_energy": 13594937602.8672,
        "Compute_energy": 8699.903999999999
    },
    "QKV_fusion": {
        "latency": 1.4047919816093495,
        "utilization": 0.9991401588526758,
        "cp_latency": 1.4035840836601308,
        "total_energy": 1664905674841.1287,
        "NoC_energy": 67620945458.62656,
        "DRAM_energy": 1597104340756.0703,
        "Compute_energy": 180388626.432
    },
    "Flashatten": {
        "latency": 0.9565862262941177,
        "utilization": 0.9994418010783317,
        "cp_latency": 0.9560522608941175,
        "total_energy": 1309564882231.361,
        "NoC_energy": 1031690136292.6876,
        "DRAM_energy": 277865969378.91846,
        "Compute_energy": 8776559.755007999
    },
    "Linear": {
        "latency": 0.4690552210833248,
        "utilization": 0.9974547562640409,
        "cp_latency": 0.46786136122004357,
        "total_energy": 945182576240.2301,
        "NoC_energy": 23318748227.1744,
        "DRAM_energy": 921777928667.1356,
        "Compute_energy": 85899345.92000005
    },
    "RMSNorm2": {
        "latency": 0.0417530391515625,
        "utilization": 0.018835323511308275,
        "cp_latency": 0.0016777216,
        "total_energy": 13594946302.7712,
        "NoC_energy": 0.0,
        "DRAM_energy": 13594937602.8672,
        "Compute_energy": 8699.903999999999
    },
    "ResAdd": {
        "latency": 0.022956553600000002,
        "utilization": 0.004282175875040755,
        "cp_latency": 9.50272e-05,
        "total_energy": 2021287337095.2385,
        "NoC_energy": 0.0,
        "DRAM_energy": 2021287329791.9995,
        "Compute_energy": 7303.239
    },
    "FFNup&SiLU": {
        "latency": 1.8741611304104697,
        "utilization": 0.9993467064162525,
        "cp_latency": 1.8729367529690635,
        "total_energy": 5602911173894.734,
        "NoC_energy": 101188285775.21664,
        "DRAM_energy": 5501482178288.026,
        "Compute_energy": 240709831.491584
    },
    "FFNgate": {
        "latency": 1.872669822321581,
        "utilization": 0.9993461861632988,
        "cp_latency": 1.8714454448801745,
        "total_energy": 2709547125692.171,
        "NoC_energy": 101188285775.21664,
        "DRAM_energy": 2608135501617.562,
        "Compute_energy": 223338299.39200008
    },
    "Hadamard": {
        "latency": 0.0806131072,
        "utilization": 0.004715223283193331,
        "cp_latency": 0.00037355520000000004,
        "total_energy": 8268105377276.198,
        "NoC_energy": 0.0,
        "DRAM_energy": 8268105348808.703,
        "Compute_energy": 28467.494999999995
    },
    "FFNdown": {
        "latency": 1.872639304743456,
        "utilization": 0.9993624720680288,
        "cp_latency": 1.8714454448801747,
        "total_energy": 1459932220143.6982,
        "NoC_energy": 88611243263.26271,
        "DRAM_energy": 1371063278842.6755,
        "Compute_energy": 257698037.7600001
    },
    "ResAdd2": {
        "latency": 0.022956553600000002,
        "utilization": 0.004282175875040755,
        "cp_latency": 9.50272e-05,
        "total_energy": 2021287337095.2385,
        "NoC_energy": 0.0,
        "DRAM_energy": 2021287329791.9995,
        "Compute_energy": 7303.239
    },
    "TotalLayer": {
        "latency": 0.27711795133329353,
        "total_energy": 26029913597115.543,
        "NoC_energy": 1413617644792.1843,
        "DRAM_energy": 24615299081148.824,
        "Compute_energy": 996871174.5315922,
        "utilization": 97.54395900416095,
        "cp_latency": 0.27031182084171856
    }
}