{
    "RMSNorm": {
        "latency": 0.00687865580625,
        "utilization": 0.015243908541655126,
        "cp_latency": 0.0004194304,
        "energy": 939875578.6752
    },
    "QKV_fusion": {
        "latency": 0.17829622823095384,
        "utilization": 0.9840253616035664,
        "cp_latency": 0.17544801045751635,
        "energy": 17517314215.77216
    },
    "Flashatten": {
        "latency": 0.017438735582352944,
        "utilization": 0.9626722879691617,
        "cp_latency": 0.01678778748235294,
        "energy": 12139786530.246334
    },
    "Linear": {
        "latency": 0.061537186754067955,
        "utilization": 0.9503630769835187,
        "cp_latency": 0.05848267015250545,
        "energy": 6703138073.477119
    },
    "RMSNorm2": {
        "latency": 0.00687865580625,
        "utilization": 0.015243908541655126,
        "cp_latency": 0.0004194304,
        "energy": 939875578.6752
    },
    "ResAdd": {
        "latency": 0.005450819200000001,
        "utilization": 0.0022543400448871973,
        "cp_latency": 1.31072e-05,
        "energy": 1755769208.832
    },
    "FFNup&SiLU": {
        "latency": 0.23716733826175793,
        "utilization": 0.9871388524112097,
        "cp_latency": 0.2341170941211329,
        "energy": 57518329447.84179
    },
    "FFNgate": {
        "latency": 0.2369809247506468,
        "utilization": 0.9871287355982997,
        "cp_latency": 0.23393068061002179,
        "energy": 18168849036.73856
    },
    "Hadamard": {
        "latency": 0.012328276800000001,
        "utilization": 0.0039869318962728025,
        "cp_latency": 4.9152e-05,
        "energy": 2435246456.8320003
    },
    "FFNdown": {
        "latency": 0.2373276044381468,
        "utilization": 0.9856867732004166,
        "cp_latency": 0.23393068061002179,
        "energy": 17657169450.10688
    },
    "ResAdd2": {
        "latency": 0.005450819200000001,
        "utilization": 0.0022543400448871973,
        "cp_latency": 1.31072e-05,
        "energy": 1755769208.832
    },
    "TotalLayer": {
        "latency": 0.03218352783457364,
        "energy": 137531122786.02924,
        "utilization": 94.8173145502459,
        "cp_latency": 0.030515556820273636
    }
}