{
    "RMSNorm": {
        "latency": 0.0068920268125,
        "utilization": 0.304286686203312,
        "cp_latency": 0.002097152
    },
    "QKV_fusion": {
        "latency": 0.49486673300000006,
        "utilization": 0.20341495858845698,
        "cp_latency": 0.10066329600000001
    },
    "Flashatten": {
        "latency": 0.015842373007575756,
        "utilization": 0.14558229724909244,
        "cp_latency": 0.002097152
    },
    "Linear": {
        "latency": 0.170709652,
        "utilization": 0.19655849336509693,
        "cp_latency": 0.033554432
    },
    "RMSNorm2": {
        "latency": 0.0068920268125,
        "utilization": 0.304286686203312,
        "cp_latency": 0.002097152
    },
    "ResAdd": {
        "latency": 0.013572634000000002,
        "utilization": 0.03862831636070051,
        "cp_latency": 0.000524288
    },
    "FFNup&SiLU": {
        "latency": 0.170709652,
        "utilization": 0.20884339920041547,
        "cp_latency": 0.035651584
    },
    "FFNgate": {
        "latency": 0.170709652,
        "utilization": 0.19655849336509693,
        "cp_latency": 0.033554432
    },
    "Hadamard": {
        "latency": 0.007315536,
        "utilization": 0.07166774929410505,
        "cp_latency": 0.000524288
    },
    "FFNdown": {
        "latency": 0.170709652,
        "utilization": 0.19655849336509693,
        "cp_latency": 0.033554432
    },
    "ResAdd2": {
        "latency": 0.013572634000000002,
        "utilization": 0.03862831636070051,
        "cp_latency": 0.000524288
    },
    "TotalLayer": {
        "latency": 1.2417925716325757,
        "utilization": 0.19716859449248222,
        "cp_latency": 0.24484249600000002
    }
}