{
    "RMSNorm": {
        "latency": 0.0418054679515625,
        "utilization": 0.03762340375719233,
        "cp_latency": 0.0016777216
    },
    "QKV_fusion": {
        "latency": 5.616227978927633,
        "utilization": 0.9996631824252493,
        "cp_latency": 5.614336334640523
    },
    "Flashatten": {
        "latency": 3.7525229216176474,
        "utilization": 0.9998889339495839,
        "cp_latency": 3.7521061437176475
    },
    "Linear": {
        "latency": 1.8723803630930649,
        "utilization": 0.9995006793324054,
        "cp_latency": 1.8714454448801743
    },
    "RMSNorm2": {
        "latency": 0.0418054679515625,
        "utilization": 0.03762340375719233,
        "cp_latency": 0.0016777216
    },
    "ResAdd": {
        "latency": 0.0418631072,
        "utilization": 0.00907980380395653,
        "cp_latency": 0.00037355520000000004
    },
    "FFNup&SiLU": {
        "latency": 5.035244372969593,
        "utilization": 0.9996570475557245,
        "cp_latency": 5.033517523604358
    },
    "FFNgate": {
        "latency": 5.031236482480704,
        "utilization": 0.9996567743592956,
        "cp_latency": 5.029509633115469
    },
    "Hadamard": {
        "latency": 0.1066262144,
        "utilization": 0.009588276257888042,
        "cp_latency": 0.0010039296000000002
    },
    "FFNdown": {
        "latency": 5.03044455132836,
        "utilization": 0.9998141479936115,
        "cp_latency": 5.029509633115469
    },
    "ResAdd2": {
        "latency": 0.0418631072,
        "utilization": 0.00907980380395653,
        "cp_latency": 0.00037355520000000004
    },
    "TotalLayer": {
        "latency": 0.851584641123844,
        "utilization": 98.96103776232846,
        "cp_latency": 0.8427369982807565
    }
}