instance_names,utilizations,tot_energy,noc_energy,dram_energy,comp_energy,memory_peak
Tile,0.7254839716197454,88399.15954815329,1952.452250713914,86445.08702166207,1.620275773466073,37.17041015625
Tile,0.7242036598551409,87594.94883880242,1934.29653136959,85659.0467436174,1.6055638113953483,37.353515625
Tile,0.9034438228827903,303393.92970587336,3217.21373435948,300172.78733299754,3.928638516448933,191.70654296875
Tile,0.9477100998973492,319072.8019103321,3418.413286892414,315650.2360658606,4.152557577201317,231.47705078125
Tile,0.8592141431744929,283337.1943355101,2976.158072499544,280357.3843052406,3.6519577709696933,180.38330078125
