{
    "RMSNorm": {
        "latency": 0.021806078303125,
        "utilization": 0.07212961350205713,
        "cp_latency": 0.0016777216,
        "energy": 3523471736.8320003
    },
    "QKV_fusion": {
        "latency": 11.230592466033976,
        "utilization": 0.9998290565026969,
        "cp_latency": 11.228672669281046,
        "energy": 468878843550.1056
    },
    "Flashatten": {
        "latency": 0.9554083278676471,
        "utilization": 0.99962509835894,
        "cp_latency": 0.9550501437176471,
        "energy": 1753017825987.248
    },
    "Linear": {
        "latency": 3.7437602714742155,
        "utilization": 0.9997677784764982,
        "cp_latency": 3.7428908897603486,
        "energy": 83801928630.27199
    },
    "RMSNorm2": {
        "latency": 0.021806078303125,
        "utilization": 0.07212961350205713,
        "cp_latency": 0.0016777216,
        "energy": 3523471736.8320003
    },
    "ResAdd": {
        "latency": 0.026863107200000003,
        "utilization": 0.01414984488466025,
        "cp_latency": 0.00037355520000000004,
        "energy": 12064616821.5552
    },
    "FFNup&SiLU": {
        "latency": 13.107527112027993,
        "utilization": 0.9998329647127981,
        "cp_latency": 13.105337692472329,
        "energy": 16431658810706.232
    },
    "FFNgate": {
        "latency": 13.102307533716882,
        "utilization": 0.999832898170797,
        "cp_latency": 13.100118114161218,
        "energy": 473937404860.8256
    },
    "Hadamard": {
        "latency": 0.07095837519999999,
        "utilization": 0.01874874947813067,
        "cp_latency": 0.00131072,
        "energy": 15217391252.2752
    },
    "FFNdown": {
        "latency": 13.101000999903407,
        "utilization": 0.9999326092912905,
        "cp_latency": 13.10011811416122,
        "energy": 802801282161.0494
    },
    "ResAdd2": {
        "latency": 0.026863107200000003,
        "utilization": 0.01414984488466025,
        "cp_latency": 0.00037355520000000004,
        "energy": 12064616821.5552
    },
    "TotalLayer": {
        "latency": 4.43271147657843,
        "energy": 20060489664264.78,
        "utilization": 99.69085728050356,
        "cp_latency": 4.419008071772304
    }
}