{
    "RMSNorm": {
        "latency": 0.0006861076,
        "utilization": 0.15282967278018783,
        "cp_latency": 5.24288e-05,
        "total_energy": 91000209.408,
        "NoC_energy": 0.0,
        "DRAM_energy": 90999619.584,
        "Compute_energy": 589.824
    },
    "QKV_fusion": {
        "latency": 0.05268776965379901,
        "utilization": 0.9365504227150088,
        "cp_latency": 0.049344752941176476,
        "total_energy": 550145874764.7592,
        "NoC_energy": 462471341.01504004,
        "DRAM_energy": 549677967605.7601,
        "Compute_energy": 5435817.984000001
    },
    "Flashatten": {
        "latency": 7.361605541235451e-05,
        "utilization": 0,
        "cp_latency": 3.212549019607843e-05,
        "total_energy": 0,
        "NoC_energy": 0,
        "DRAM_energy": 0,
        "Compute_energy": 0
    },
    "Linear": {
        "latency": 0.01885950982689951,
        "utilization": 0.87214626103017,
        "cp_latency": 0.016448250980392157,
        "total_energy": 129883444304.93697,
        "NoC_energy": 471415610.40896004,
        "DRAM_energy": 129411122724.864,
        "Compute_energy": 905969.6640000001
    },
    "RMSNorm2": {
        "latency": 0.0006861076,
        "utilization": 0.15282967278018783,
        "cp_latency": 5.24288e-05,
        "total_energy": 91000209.408,
        "NoC_energy": 0.0,
        "DRAM_energy": 90999619.584,
        "Compute_energy": 589.824
    },
    "ResAdd": {
        "latency": 0.0028168063625000003,
        "utilization": 0.001163303251378537,
        "cp_latency": 3.2768e-06,
        "total_energy": 173324479119.36002,
        "NoC_energy": 0.0,
        "DRAM_energy": 173324478971.90402,
        "Compute_energy": 147.456
    },
    "FFNup&SiLU": {
        "latency": 0.047812974142396214,
        "utilization": 0.9252697809186479,
        "cp_latency": 0.04423990010980392,
        "total_energy": 357896751969.7143,
        "NoC_energy": 1058580589.44512,
        "DRAM_energy": 356835328524.2881,
        "Compute_energy": 2842855.9810559996
    },
    "FFNgate": {
        "latency": 0.047812974142396214,
        "utilization": 0.9245330436494897,
        "cp_latency": 0.04420467450980392,
        "total_energy": 357924935428.9971,
        "NoC_energy": 1058580589.44512,
        "DRAM_energy": 356863514247.16797,
        "Compute_energy": 2840592.3839999996
    },
    "Hadamard": {
        "latency": 0.0013782636999999998,
        "utilization": 0.05111590764524961,
        "cp_latency": 8.806400000000001e-06,
        "total_energy": 211795971.07199997,
        "NoC_energy": 0.0,
        "DRAM_energy": 211795574.78399998,
        "Compute_energy": 396.288
    },
    "FFNdown": {
        "latency": 0.04786550252374387,
        "utilization": 0.9235184460431815,
        "cp_latency": 0.04420467450980392,
        "total_energy": 143992322911.10913,
        "NoC_energy": 1058580589.44512,
        "DRAM_energy": 142931713327.104,
        "Compute_energy": 2028994.5599999998
    },
    "ResAdd2": {
        "latency": 0.0028168063625000003,
        "utilization": 0.001163303251378537,
        "cp_latency": 3.2768e-06,
        "total_energy": 173324479119.36002,
        "NoC_energy": 0.0,
        "DRAM_energy": 173324478971.90402,
        "Compute_energy": 147.456
    },
    "TotalLayer": {
        "latency": 0.007151886015028709,
        "total_energy": 1886886084008.1248,
        "NoC_energy": 4109628719.75936,
        "DRAM_energy": 1882762399186.9443,
        "Compute_energy": 14056101.421056002,
        "utilization": 88.85805874371358,
        "cp_latency": 0.006355027076517647
    }
}