{
    "RMSNorm": {
        "latency": 0.0005536857250000001,
        "utilization": 0.3787621579010367,
        "cp_latency": 0.0002097152,
        "total_energy": 141132300.28800002,
        "NoC_energy": 0.0,
        "DRAM_energy": 141129940.992,
        "Compute_energy": 2359.296
    },
    "QKV_fusion": {
        "latency": 0.7898336251838236,
        "utilization": 0.9995979176944688,
        "cp_latency": 0.7895160470588236,
        "total_energy": 860696950603.7759,
        "NoC_energy": 0.0,
        "DRAM_energy": 860646216302.5919,
        "Compute_energy": 50734301.184
    },
    "Flashatten": {
        "latency": 0.0017986904609208062,
        "utilization": 0.17179082821740577,
        "cp_latency": 0.0010280156862745098,
        "total_energy": 74539202307.53894,
        "NoC_energy": 0.0,
        "DRAM_energy": 74539157422.08,
        "Compute_energy": 44885.458944
    },
    "Linear": {
        "latency": 0.26348959381127457,
        "utilization": 0.9987947223250588,
        "cp_latency": 0.2631720156862745,
        "total_energy": 287486320312.32007,
        "NoC_energy": 0.0,
        "DRAM_energy": 287469408878.59204,
        "Compute_energy": 16911433.728
    },
    "RMSNorm2": {
        "latency": 0.0005536857250000001,
        "utilization": 0.3787621579010367,
        "cp_latency": 0.0002097152,
        "total_energy": 141132300.28800002,
        "NoC_energy": 0.0,
        "DRAM_energy": 141129940.992,
        "Compute_energy": 2359.296
    },
    "ResAdd": {
        "latency": 0.00688255748125,
        "utilization": 0.007617633436819181,
        "cp_latency": 5.24288e-05,
        "total_energy": 2510681922306.0483,
        "NoC_energy": 0.0,
        "DRAM_energy": 2510681920241.6646,
        "Compute_energy": 2064.384
    },
    "FFNup&SiLU": {
        "latency": 0.7081559798818627,
        "utilization": 0.99955154212628,
        "cp_latency": 0.7078384017568627,
        "total_energy": 1043168135520.9769,
        "NoC_energy": 0.0,
        "DRAM_energy": 1043122649825.28,
        "Compute_energy": 45485695.696895994
    },
    "FFNgate": {
        "latency": 0.7075923702818626,
        "utilization": 0.9995511849218027,
        "cp_latency": 0.7072747921568627,
        "total_energy": 771132789620.736,
        "NoC_energy": 0.0,
        "DRAM_energy": 771087340142.5919,
        "Compute_energy": 45449478.143999994
    },
    "Hadamard": {
        "latency": 0.00063841995,
        "utilization": 0.2207048824210459,
        "cp_latency": 0.00014090240000000001,
        "total_energy": 202536136.704,
        "NoC_energy": 0.0,
        "DRAM_energy": 202534551.552,
        "Compute_energy": 1585.152
    },
    "FFNdown": {
        "latency": 0.7075923702818627,
        "utilization": 0.9995511849218025,
        "cp_latency": 0.7072747921568627,
        "total_energy": 702684013264.8959,
        "NoC_energy": 0.0,
        "DRAM_energy": 702612592656.3839,
        "Compute_energy": 71420608.512
    },
    "ResAdd2": {
        "latency": 0.00688255748125,
        "utilization": 0.007617633436819181,
        "cp_latency": 5.24288e-05,
        "total_energy": 2510681922306.0483,
        "NoC_energy": 0.0,
        "DRAM_energy": 2510681920241.6646,
        "Compute_energy": 2064.384
    },
    "TotalLayer": {
        "latency": 0.10220715316045142,
        "total_energy": 8761556056979.621,
        "NoC_energy": 0.0,
        "DRAM_energy": 8761326000144.385,
        "Compute_energy": 230056835.23584,
        "utilization": 99.46135178745817,
        "cp_latency": 0.10165661615686275
    }
}