{
    "RMSNorm": {
        "latency": 0.000783883525,
        "utilization": 0.5350672473949494,
        "cp_latency": 0.0004194304,
        "total_energy": 165293850.624,
        "NoC_energy": 0.0,
        "DRAM_energy": 165289132.032,
        "Compute_energy": 4718.592
    },
    "QKV_fusion": {
        "latency": 1.5793428363051472,
        "utilization": 0.9998032458942057,
        "cp_latency": 1.5790320941176472,
        "total_energy": 1373024808861.696,
        "NoC_energy": 0.0,
        "DRAM_energy": 1372923340259.3281,
        "Compute_energy": 101468602.368
    },
    "Flashatten": {
        "latency": 0.006668036028324428,
        "utilization": 0.6317223895952482,
        "cp_latency": 0.004112062745098039,
        "total_energy": 253497733255.10248,
        "NoC_energy": 0.0,
        "DRAM_energy": 253497559744.51202,
        "Compute_energy": 173510.59046399998
    },
    "Linear": {
        "latency": 0.526654773560049,
        "utilization": 0.9994099698643204,
        "cp_latency": 0.526344031372549,
        "total_energy": 458325623832.5761,
        "NoC_energy": 0.0,
        "DRAM_energy": 458291800965.1201,
        "Compute_energy": 33822867.456
    },
    "RMSNorm2": {
        "latency": 0.000783883525,
        "utilization": 0.5350672473949494,
        "cp_latency": 0.0004194304,
        "total_energy": 165293850.624,
        "NoC_energy": 0.0,
        "DRAM_energy": 165289132.032,
        "Compute_energy": 4718.592
    },
    "ResAdd": {
        "latency": 0.006915114962500001,
        "utilization": 0.01516353676961737,
        "cp_latency": 0.0001048576,
        "total_energy": 5004458853335.041,
        "NoC_energy": 0.0,
        "DRAM_energy": 5004458849206.273,
        "Compute_energy": 4128.768
    },
    "FFNup&SiLU": {
        "latency": 1.4159875457012254,
        "utilization": 0.9997805473724375,
        "cp_latency": 1.4156768035137255,
        "total_energy": 1785335299261.858,
        "NoC_energy": 0.0,
        "DRAM_energy": 1785244327870.464,
        "Compute_energy": 90971391.39379199
    },
    "FFNgate": {
        "latency": 1.4148603265012254,
        "utilization": 0.9997803725345326,
        "cp_latency": 1.4145495843137255,
        "total_energy": 1230103061200.8962,
        "NoC_energy": 0.0,
        "DRAM_energy": 1230012162244.6082,
        "Compute_energy": 90898956.28799999
    },
    "Hadamard": {
        "latency": 0.0008768399000000001,
        "utilization": 0.3213868347003826,
        "cp_latency": 0.00028180480000000003,
        "total_energy": 289108156.416,
        "NoC_energy": 0.0,
        "DRAM_energy": 289104986.112,
        "Compute_energy": 3170.304
    },
    "FFNdown": {
        "latency": 1.4148603265012254,
        "utilization": 0.9997803725345326,
        "cp_latency": 1.4145495843137255,
        "total_energy": 1433701724454.9119,
        "NoC_energy": 0.0,
        "DRAM_energy": 1433532912107.5198,
        "Compute_energy": 168812347.39199996
    },
    "ResAdd2": {
        "latency": 0.006915114962500001,
        "utilization": 0.01516353676961737,
        "cp_latency": 0.0001048576,
        "total_energy": 5004458853335.041,
        "NoC_energy": 0.0,
        "DRAM_energy": 5004458849206.273,
        "Compute_energy": 4128.768
    },
    "TotalLayer": {
        "latency": 0.20398875780711032,
        "total_energy": 16543525653394.787,
        "NoC_energy": 0.0,
        "DRAM_energy": 16543039484854.273,
        "Compute_energy": 486168540.51225597,
        "utilization": 99.70109505248332,
        "cp_latency": 0.20337902531764707
    }
}