{
    "RMSNorm": {
        "latency": 0.041753649503125,
        "utilization": 0.018835048178031492,
        "cp_latency": 0.0016777216
    },
    "QKV_fusion": {
        "latency": 5.616100262863179,
        "utilization": 0.9996859158241316,
        "cp_latency": 5.614336334640523
    },
    "Flashatten": {
        "latency": 0.9886527519411764,
        "utilization": 0.9994599060196299,
        "cp_latency": 0.9881187865411766
    },
    "Linear": {
        "latency": 1.8727973857981435,
        "utilization": 0.9992781168276821,
        "cp_latency": 1.8714454448801747
    },
    "RMSNorm2": {
        "latency": 0.041753649503125,
        "utilization": 0.018835048178031492,
        "cp_latency": 0.0016777216
    },
    "ResAdd": {
        "latency": 0.04465327680000001,
        "utilization": 0.0041828419633472445,
        "cp_latency": 0.0001900544
    },
    "FFNup&SiLU": {
        "latency": 6.5544748887166335,
        "utilization": 0.999724456571864,
        "cp_latency": 6.552668846236165
    },
    "FFNgate": {
        "latency": 6.551865099561078,
        "utilization": 0.9997243468152924,
        "cp_latency": 6.55005905708061
    },
    "Hadamard": {
        "latency": 0.1352131072,
        "utilization": 0.004846867390086869,
        "cp_latency": 0.0006537216
    },
    "FFNdown": {
        "latency": 6.551323107373578,
        "utilization": 0.9998070541977168,
        "cp_latency": 6.550059057080609
    },
    "ResAdd2": {
        "latency": 0.04465327680000001,
        "utilization": 0.0041828419633472445,
        "cp_latency": 0.0001900544
    },
    "TotalLayer": {
        "latency": 2.2754592364848025,
        "utilization": 98.9025031923384,
        "cp_latency": 2.2504861440047406
    }
}