{
    "RMSNorm": {
        "latency": 0.012687449175781252,
        "utilization": 0.3305868612271094,
        "cp_latency": 0.004194304,
        "total_energy": 24741622579.2,
        "NoC_energy": 0.0,
        "DRAM_energy": 24741528207.36,
        "Compute_energy": 94371.84
    },
    "QKV_fusion": {
        "latency": 19.738279301470588,
        "utilization": 0.9999808430616356,
        "cp_latency": 19.73790117647059,
        "total_energy": 84947966908956.7,
        "NoC_energy": 393021719838.72,
        "DRAM_energy": 84550777728663.58,
        "Compute_energy": 4167460454.400002
    },
    "Flashatten": {
        "latency": 5.265889734875491,
        "utilization": 0.9999408819467034,
        "cp_latency": 5.26557842572549,
        "total_energy": 22979971925534.15,
        "NoC_energy": 5363170330175.079,
        "DRAM_energy": 17616753257349.12,
        "Compute_energy": 48338009.94816
    },
    "Linear": {
        "latency": 6.579678517156863,
        "utilization": 0.9999425313867518,
        "cp_latency": 6.5793003921568625,
        "total_energy": 23759525542625.285,
        "NoC_energy": 131007239946.24,
        "DRAM_energy": 23627431139082.246,
        "Compute_energy": 1087163596.8
    },
    "RMSNorm2": {
        "latency": 0.012687449175781252,
        "utilization": 0.3305868612271094,
        "cp_latency": 0.004194304,
        "total_energy": 24741622579.2,
        "NoC_energy": 0.0,
        "DRAM_energy": 24741528207.36,
        "Compute_energy": 94371.84
    },
    "ResAdd": {
        "latency": 0.014002428800000001,
        "utilization": 0.07488529418553444,
        "cp_latency": 0.001048576,
        "total_energy": 60201586019794.94,
        "NoC_energy": 0.0,
        "DRAM_energy": 60201585925423.09,
        "Compute_energy": 94371.84000000001
    },
    "FFNup&SiLU": {
        "latency": 26.334390112752452,
        "utilization": 0.9999843805714413,
        "cp_latency": 26.33397878462745,
        "total_energy": 105767155354356.95,
        "NoC_energy": 422830940356.60803,
        "DRAM_energy": 105341906954747.92,
        "Compute_energy": 2417459252.428799
    },
    "FFNgate": {
        "latency": 26.31757969362745,
        "utilization": 0.999985632227416,
        "cp_latency": 26.31720156862745,
        "total_energy": 94818955759190.03,
        "NoC_energy": 524028959784.96,
        "DRAM_energy": 94290578145017.88,
        "Compute_energy": 4348654387.2
    },
    "Hadamard": {
        "latency": 0.046031072000000006,
        "utilization": 0.09111897285381491,
        "cp_latency": 0.004194304,
        "total_energy": 242122511060828.22,
        "NoC_energy": 0.0,
        "DRAM_energy": 242122510659747.9,
        "Compute_energy": 401080.32000000007
    },
    "FFNdown": {
        "latency": 26.317579693627454,
        "utilization": 0.9999856322274158,
        "cp_latency": 26.31720156862745,
        "total_energy": 23576716165251.07,
        "NoC_energy": 524028959784.96,
        "DRAM_energy": 23048821734899.71,
        "Compute_energy": 3865470566.4
    },
    "ResAdd2": {
        "latency": 0.014002428800000001,
        "utilization": 0.07488529418553444,
        "cp_latency": 0.001048576,
        "total_energy": 60201586019794.94,
        "NoC_energy": 0.0,
        "DRAM_energy": 60201585925423.09,
        "Compute_energy": 94371.84000000001
    },
    "TotalLayer": {
        "latency": 4.426112315258474,
        "total_energy": 718425458001490.8,
        "NoC_energy": 7358088149886.567,
        "DRAM_energy": 711051434526769.4,
        "Compute_energy": 15935324834.856962,
        "utilization": 99.92140651205189,
        "cp_latency": 4.422633679209412
    }
}