{
    "RMSNorm": {
        "latency": 0.045175508703125,
        "utilization": 0.3713785739581377,
        "cp_latency": 0.016777216
    },
    "QKV_fusion": {
        "latency": 0.8141219930000001,
        "utilization": 0.989171616691603,
        "cp_latency": 0.805306368
    },
    "Flashatten": {
        "latency": 0.1768108589,
        "utilization": 0.9909972583284345,
        "cp_latency": 0.134217728
    },
    "Linear": {
        "latency": 0.272016706,
        "utilization": 0.9868344483224498,
        "cp_latency": 0.268435456
    },
    "RMSNorm2": {
        "latency": 0.045175508703125,
        "utilization": 0.3713785739581377,
        "cp_latency": 0.016777216
    },
    "ResAdd": {
        "latency": 0.04978107200000001,
        "utilization": 0.08425499555332998,
        "cp_latency": 0.004194304
    },
    "FFNup&SiLU": {
        "latency": 0.288793922,
        "utilization": 0.9875992888797709,
        "cp_latency": 0.285212672
    },
    "FFNgate": {
        "latency": 0.272016706,
        "utilization": 0.9868344483224498,
        "cp_latency": 0.268435456
    },
    "Hadamard": {
        "latency": 0.046031072000000006,
        "utilization": 0.09111897285381491,
        "cp_latency": 0.004194304
    },
    "FFNdown": {
        "latency": 0.272016706,
        "utilization": 0.9868344483224498,
        "cp_latency": 0.268435456
    },
    "ResAdd2": {
        "latency": 0.04978107200000001,
        "utilization": 0.08425499555332998,
        "cp_latency": 0.004194304
    },
    "TotalLayer": {
        "latency": 2.33172112530625,
        "utilization": 0.8904068576070875,
        "cp_latency": 2.07618048
    }
}