{
    "RMSNorm": {
        "latency": 0.008448319757812501,
        "utilization": 0.015514564287033817,
        "cp_latency": 0.000524288,
        "total_energy": 1157450593.0752,
        "NoC_energy": 0.0,
        "DRAM_energy": 1157449855.7952,
        "Compute_energy": 737.28
    },
    "QKV_fusion": {
        "latency": 0.27705226243361925,
        "utilization": 0.9894794358719654,
        "cp_latency": 0.27413751633986927,
        "total_energy": 625239929168.855,
        "NoC_energy": 14388715522.62144,
        "DRAM_energy": 610815981492.6335,
        "Compute_energy": 35232153.599999994
    },
    "Flashatten": {
        "latency": 0.021490960147058827,
        "utilization": 0.9697106087608147,
        "cp_latency": 0.020840012047058824,
        "total_energy": 21762850311.54432,
        "NoC_energy": 11234375349.829632,
        "DRAM_energy": 10528092271.4112,
        "Compute_energy": 382690.30348799995
    },
    "Linear": {
        "latency": 0.09435983617578975,
        "utilization": 0.9684117291498143,
        "cp_latency": 0.09137917211328975,
        "total_energy": 406268417230.76605,
        "NoC_energy": 4796238507.540481,
        "DRAM_energy": 401460434672.0256,
        "Compute_energy": 11744051.2
    },
    "RMSNorm2": {
        "latency": 0.008448319757812501,
        "utilization": 0.015514564287033817,
        "cp_latency": 0.000524288,
        "total_energy": 1157450593.0752,
        "NoC_energy": 0.0,
        "DRAM_energy": 1157449855.7952,
        "Compute_energy": 737.28
    },
    "ResAdd": {
        "latency": 0.006779149,
        "utilization": 0.0022657711166991614,
        "cp_latency": 1.47456e-05,
        "total_energy": 427000614583.41736,
        "NoC_energy": 0.0,
        "DRAM_energy": 427000612729.65137,
        "Compute_energy": 1853.7659999999996
    },
    "FFNup&SiLU": {
        "latency": 0.36864247877954787,
        "utilization": 0.9921529025979942,
        "cp_latency": 0.36574970534204787,
        "total_energy": 1279722603790.9912,
        "NoC_energy": 19184954030.161922,
        "DRAM_energy": 1260483928444.1086,
        "Compute_energy": 53721316.720639974
    },
    "FFNgate": {
        "latency": 0.368409461890659,
        "utilization": 0.9921479393535269,
        "cp_latency": 0.365516688453159,
        "total_energy": 981250501372.8052,
        "NoC_energy": 19184954030.161922,
        "DRAM_energy": 962011860251.4434,
        "Compute_energy": 53687091.2
    },
    "Hadamard": {
        "latency": 0.014985346000000002,
        "utilization": 0.004100005431973343,
        "cp_latency": 5.89824e-05,
        "total_energy": 1439129679243.694,
        "NoC_energy": 0.0,
        "DRAM_energy": 1439129671512.883,
        "Compute_energy": 7730.811000000001
    },
    "FFNdown": {
        "latency": 0.368497352515659,
        "utilization": 0.9919113012830306,
        "cp_latency": 0.365516688453159,
        "total_energy": 516754955692.93304,
        "NoC_energy": 19184954030.161922,
        "DRAM_energy": 497523025457.9711,
        "Compute_energy": 46976204.8
    },
    "ResAdd2": {
        "latency": 0.006779149,
        "utilization": 0.0022657711166991614,
        "cp_latency": 1.47456e-05,
        "total_energy": 427000614583.41736,
        "NoC_energy": 0.0,
        "DRAM_energy": 427000612729.65137,
        "Compute_energy": 1853.7659999999996
    },
    "TotalLayer": {
        "latency": 0.061755705418318346,
        "total_energy": 6126445067164.573,
        "NoC_energy": 87974191470.47733,
        "DRAM_energy": 6038269119273.369,
        "Compute_energy": 201756420.727128,
        "utilization": 96.13860434720634,
        "cp_latency": 0.05937107329394334
    }
}