{
    "RMSNorm": {
        "latency": 0.0010409652,
        "utilization": 0.20146225829643488,
        "cp_latency": 5.24288e-05,
        "total_energy": 139319181.312,
        "NoC_energy": 0.0,
        "DRAM_energy": 139318001.664,
        "Compute_energy": 1179.648
    },
    "QKV_fusion": {
        "latency": 0.09920830165872012,
        "utilization": 0.9947706414917589,
        "cp_latency": 0.09868950588235294,
        "total_energy": 511680817408.24585,
        "NoC_energy": 4933027637.49376,
        "DRAM_energy": 506741447983.10406,
        "Compute_energy": 6341787.648
    },
    "Flashatten": {
        "latency": 0.0002283498469870002,
        "utilization": 0.021297077198145064,
        "cp_latency": 0.00012850196078431373,
        "total_energy": 1383318731.87328,
        "NoC_energy": 122207657.26310399,
        "DRAM_energy": 1261109772.288,
        "Compute_energy": 1302.322176
    },
    "Linear": {
        "latency": 0.03345089649203432,
        "utilization": 0.9834266166414398,
        "cp_latency": 0.032896501960784315,
        "total_energy": 124879842301.70624,
        "NoC_energy": 1380574287.62624,
        "DRAM_energy": 123497758064.64,
        "Compute_energy": 1509949.4400000002
    },
    "RMSNorm2": {
        "latency": 0.0010409652,
        "utilization": 0.20146225829643488,
        "cp_latency": 5.24288e-05,
        "total_energy": 139319181.312,
        "NoC_energy": 0.0,
        "DRAM_energy": 139318001.664,
        "Compute_energy": 1179.648
    },
    "ResAdd": {
        "latency": 0.0028336127250000002,
        "utilization": 0.002312807230917556,
        "cp_latency": 6.5536e-06,
        "total_energy": 329228570886.144,
        "NoC_energy": 0.0,
        "DRAM_energy": 329228570591.232,
        "Compute_energy": 294.912
    },
    "FFNup&SiLU": {
        "latency": 0.13225661251344978,
        "utilization": 0.995722353237688,
        "cp_latency": 0.13169086544313727,
        "total_energy": 529306851265.74084,
        "NoC_energy": 5522297150.50496,
        "DRAM_energy": 523778509504.5121,
        "Compute_energy": 6044610.72384
    },
    "FFNgate": {
        "latency": 0.13215175491344977,
        "utilization": 0.9957189590809215,
        "cp_latency": 0.13158600784313726,
        "total_energy": 498934716783.657,
        "NoC_energy": 5522297150.50496,
        "DRAM_energy": 493406379835.392,
        "Compute_energy": 6039797.760000001
    },
    "Hadamard": {
        "latency": 0.0035097152,
        "utilization": 0.05975276854372685,
        "cp_latency": 2.62144e-05,
        "total_energy": 554051960.8320001,
        "NoC_energy": 0.0,
        "DRAM_energy": 554050781.1840001,
        "Compute_energy": 1179.648
    },
    "FFNdown": {
        "latency": 0.13214040237438726,
        "utilization": 0.9958045039875143,
        "cp_latency": 0.13158600784313726,
        "total_energy": 126160009649.19296,
        "NoC_energy": 5522297150.50496,
        "DRAM_energy": 120634088620.032,
        "Compute_energy": 3623878.6560000004
    },
    "ResAdd2": {
        "latency": 0.0028336127250000002,
        "utilization": 0.002312807230917556,
        "cp_latency": 6.5536e-06,
        "total_energy": 329228570886.144,
        "NoC_energy": 0.0,
        "DRAM_energy": 329228570591.232,
        "Compute_energy": 294.912
    },
    "TotalLayer": {
        "latency": 0.017302246043168903,
        "total_energy": 2451635388236.16,
        "NoC_energy": 23002701033.897984,
        "DRAM_energy": 2428609121746.9443,
        "Compute_energy": 23565455.318016,
        "utilization": 97.41561992710898,
        "cp_latency": 0.01685509024426667
    }
}