{
    "RMSNorm": {
        "latency": 0.06790544320000001,
        "utilization": 0.049413464398094076,
        "cp_latency": 0.0002097152,
        "total_energy": 12440391647.232002,
        "NoC_energy": 0.0,
        "DRAM_energy": 12440372772.864002,
        "Compute_energy": 18874.368
    },
    "QKV_fusion": {
        "latency": 0.19917950004595592,
        "utilization": 0.9909604739401666,
        "cp_latency": 0.1973790117647059,
        "total_energy": 895605362990.7762,
        "NoC_energy": 8750652268.21632,
        "DRAM_energy": 886842027147.2639,
        "Compute_energy": 12683575.296
    },
    "Flashatten": {
        "latency": 0.006230059194425877,
        "utilization": 0.49227605062279517,
        "cp_latency": 0.004112062745098039,
        "total_energy": 9479783325.46253,
        "NoC_energy": 2199737830.7358723,
        "DRAM_energy": 7279969566.720001,
        "Compute_energy": 75928.00665600001
    },
    "Linear": {
        "latency": 0.06713206642156863,
        "utilization": 0.9800533102676878,
        "cp_latency": 0.06579300392156863,
        "total_energy": 240453674273.3415,
        "NoC_energy": 2916884089.40544,
        "DRAM_energy": 237533166305.28006,
        "Compute_energy": 3623878.6560000004
    },
    "RMSNorm2": {
        "latency": 0.06790544320000001,
        "utilization": 0.049413464398094076,
        "cp_latency": 0.0002097152,
        "total_energy": 12440391647.232002,
        "NoC_energy": 0.0,
        "DRAM_energy": 12440372772.864002,
        "Compute_energy": 18874.368
    },
    "ResAdd": {
        "latency": 0.0033320692000000005,
        "utilization": 0.003933651798107914,
        "cp_latency": 1.31072e-05,
        "total_energy": 654952448901.12,
        "NoC_energy": 0.0,
        "DRAM_energy": 654952447868.928,
        "Compute_energy": 1032.1919999999998
    },
    "FFNup&SiLU": {
        "latency": 0.17863997153296568,
        "utilization": 0.9905935324590001,
        "cp_latency": 0.1769596004392157,
        "total_energy": 642400108026.3969,
        "NoC_energy": 5963986218.51648,
        "DRAM_energy": 636426374873.0881,
        "Compute_energy": 9746934.792191999
    },
    "FFNgate": {
        "latency": 0.17849906913296568,
        "utilization": 0.9905861072446362,
        "cp_latency": 0.17681869803921568,
        "total_energy": 611855635033.6204,
        "NoC_energy": 5963986218.51648,
        "DRAM_energy": 605881909641.216,
        "Compute_energy": 9739173.887999998
    },
    "Hadamard": {
        "latency": 0.0028065536,
        "utilization": 0.014010635677864838,
        "cp_latency": 3.6044800000000004e-05,
        "total_energy": 1500794720323.5837,
        "NoC_energy": 0.0,
        "DRAM_energy": 1500794717208.5757,
        "Compute_energy": 3115.0079999999994
    },
    "FFNdown": {
        "latency": 0.17815776053921567,
        "utilization": 0.9924838385038791,
        "cp_latency": 0.17681869803921568,
        "total_energy": 278254637411.2051,
        "NoC_energy": 7839125990.27712,
        "DRAM_energy": 270405772247.03998,
        "Compute_energy": 9739173.887999998
    },
    "ResAdd2": {
        "latency": 0.0033320692000000005,
        "utilization": 0.003933651798107914,
        "cp_latency": 1.31072e-05,
        "total_energy": 654952448901.12,
        "NoC_energy": 0.0,
        "DRAM_energy": 654952447868.928,
        "Compute_energy": 1032.1919999999998
    },
    "TotalLayer": {
        "latency": 0.03049984016854712,
        "total_energy": 5513629602481.091,
        "NoC_energy": 33634372615.66771,
        "DRAM_energy": 5479949578272.767,
        "Compute_energy": 45651592.654848,
        "utilization": 83.76308965682557,
        "cp_latency": 0.025547608465568625
    }
}