{
    "RMSNorm": {
        "latency": 0.046937302891015616,
        "utilization": 0.07539725936569308,
        "cp_latency": 0.0037748736,
        "energy": 7600467935.231998
    },
    "QKV_fusion": {
        "latency": 28.42348438357077,
        "utilization": 0.9999681006930434,
        "cp_latency": 28.422577694117642,
        "energy": 593590780271.0016
    },
    "Flashatten": {
        "latency": 4.221045050220588,
        "utilization": 0.9999151432534508,
        "cp_latency": 4.220686866070588,
        "energy": 7722795904422.249
    },
    "Linear": {
        "latency": 9.475099254159007,
        "utilization": 0.9999043081841356,
        "cp_latency": 9.47419256470588,
        "energy": 201704180023.296
    },
    "RMSNorm2": {
        "latency": 0.046937302891015616,
        "utilization": 0.07539725936569308,
        "cp_latency": 0.0037748736,
        "energy": 7600467935.231998
    },
    "ResAdd": {
        "latency": 0.0499884108,
        "utilization": 0.016912207979214253,
        "cp_latency": 0.0008388607999999999,
        "energy": 18278481552.998398
    },
    "FFNup&SiLU": {
        "latency": 37.911120083381334,
        "utilization": 0.9999755203287117,
        "cp_latency": 37.910192031623524,
        "energy": 2603383436454.3955
    },
    "FFNgate": {
        "latency": 37.89767694827664,
        "utilization": 0.9999760753289877,
        "cp_latency": 37.89677025882352,
        "energy": 823646012571.648
    },
    "Hadamard": {
        "latency": 0.1718964824,
        "utilization": 0.019558264096275656,
        "cp_latency": 0.0033554431999999997,
        "energy": 38172488210.8416
    },
    "FFNdown": {
        "latency": 37.89767694827665,
        "utilization": 0.9999760753289876,
        "cp_latency": 37.89677025882352,
        "energy": 784816333966.5409
    },
    "ResAdd2": {
        "latency": 0.0499884108,
        "utilization": 0.016912207979214253,
        "cp_latency": 0.0008388607999999999,
        "energy": 18278481552.998398
    },
    "TotalLayer": {
        "latency": 9.99627843697069,
        "energy": 12819867034896.434,
        "utilization": 99.77074476665844,
        "cp_latency": 9.97336144551454
    }
}