{
    "RMSNorm": {
        "latency": 0.00687865580625,
        "utilization": 0.015243908541655126,
        "cp_latency": 0.0004194304,
        "energy": 939875578.6752
    },
    "QKV_fusion": {
        "latency": 0.17829622823095384,
        "utilization": 0.9840253616035664,
        "cp_latency": 0.17544801045751635,
        "energy": 17517314215.77216
    },
    "Flashatten": {
        "latency": 0.017438735582352944,
        "utilization": 0.9626722879691617,
        "cp_latency": 0.01678778748235294,
        "energy": 12139786530.246334
    },
    "Linear": {
        "latency": 0.061537186754067955,
        "utilization": 0.9503630769835187,
        "cp_latency": 0.05848267015250545,
        "energy": 6703138073.477119
    },
    "RMSNorm2": {
        "latency": 0.00687865580625,
        "utilization": 0.015243908541655126,
        "cp_latency": 0.0004194304,
        "energy": 939875578.6752
    },
    "ResAdd": {
        "latency": 0.005450819200000001,
        "utilization": 0.0022543400448871973,
        "cp_latency": 1.31072e-05,
        "energy": 1755769208.832
    },
    "FFNup&SiLU": {
        "latency": 0.16068946362826123,
        "utilization": 0.9788907067144604,
        "cp_latency": 0.1572974226126362,
        "energy": 32803337946.005505
    },
    "FFNgate": {
        "latency": 0.16056421705048346,
        "utilization": 0.9788742406126608,
        "cp_latency": 0.15717217603485845,
        "energy": 12147500247.94112
    },
    "Hadamard": {
        "latency": 0.008703276800000001,
        "utilization": 0.0037650187111134964,
        "cp_latency": 3.3024e-05,
        "energy": 1623497637.888
    },
    "FFNdown": {
        "latency": 0.16064966626923347,
        "utilization": 0.9783535794680888,
        "cp_latency": 0.15717217603485845,
        "energy": 12249421835.14112
    },
    "ResAdd2": {
        "latency": 0.005450819200000001,
        "utilization": 0.0022543400448871973,
        "cp_latency": 1.31072e-05,
        "energy": 1755769208.832
    },
    "TotalLayer": {
        "latency": 0.024721207178491297,
        "energy": 100575286061.48575,
        "utilization": 93.62110343595185,
        "cp_latency": 0.02314426694319129
    }
}