{
    "RMSNorm": {
        "latency": 0.0217268247515625,
        "utilization": 0.01809818068200332,
        "cp_latency": 0.0008388608
    },
    "QKV_fusion": {
        "latency": 0.7031384895839716,
        "utilization": 0.9980850888212607,
        "cp_latency": 0.7017920418300654
    },
    "Flashatten": {
        "latency": 0.24783482525882355,
        "utilization": 0.9978454787399538,
        "cp_latency": 0.24730085985882358
    },
    "Linear": {
        "latency": 0.23533022894986552,
        "utilization": 0.9940528322855544,
        "cp_latency": 0.23393068061002179
    },
    "RMSNorm2": {
        "latency": 0.0217268247515625,
        "utilization": 0.01809818068200332,
        "cp_latency": 0.0008388608
    },
    "ResAdd": {
        "latency": 0.012953276800000002,
        "utilization": 0.0037945610797107334,
        "cp_latency": 4.9152e-05
    },
    "FFNup&SiLU": {
        "latency": 0.630459233907576,
        "utilization": 0.9979863195132179,
        "cp_latency": 0.6291896904505447
    },
    "FFNgate": {
        "latency": 0.6299582475964649,
        "utilization": 0.9979847180954055,
        "cp_latency": 0.6286887041394337
    },
    "Hadamard": {
        "latency": 0.029706553600000005,
        "utilization": 0.004412225051915817,
        "cp_latency": 0.00012769280000000003
    },
    "FFNdown": {
        "latency": 0.6300882524792774,
        "utilization": 0.9977788058508682,
        "cp_latency": 0.6286887041394337
    },
    "ResAdd2": {
        "latency": 0.012953276800000002,
        "utilization": 0.0037945610797107334,
        "cp_latency": 4.9152e-05
    },
    "TotalLayer": {
        "latency": 0.10162803310333132,
        "utilization": 96.71329630257746,
        "cp_latency": 0.09828782078170634
    }
}