{
    "RMSNorm": {
        "latency": 0.022553402,
        "utilization": 0.09298606037350818,
        "cp_latency": 0.000262144,
        "total_energy": 3924269727.7439995,
        "NoC_energy": 0.0,
        "DRAM_energy": 3924257931.2639995,
        "Compute_energy": 11796.48
    },
    "QKV_fusion": {
        "latency": 0.30920470588235294,
        "utilization": 0.997412717255654,
        "cp_latency": 0.3084047058823529,
        "total_energy": 1224029219114.189,
        "NoC_energy": 14294671215.8208,
        "DRAM_energy": 1209711898656.768,
        "Compute_energy": 22649241.599999998
    },
    "Flashatten": {
        "latency": 0.003929426411724991,
        "utilization": 0.2800888167841003,
        "cp_latency": 0.0025700392156862745,
        "total_energy": 9768512617.9584,
        "NoC_energy": 1353013348.2700799,
        "DRAM_energy": 8415451545.6,
        "Compute_energy": 47724.08832
    },
    "Linear": {
        "latency": 0.10350684206495098,
        "utilization": 0.9931862143271897,
        "cp_latency": 0.10280156862745098,
        "total_energy": 358971198480.0563,
        "NoC_energy": 5372006178.48832,
        "DRAM_energy": 353590698835.96796,
        "Compute_energy": 8493465.599999998
    },
    "RMSNorm2": {
        "latency": 0.022553402,
        "utilization": 0.09298606037350818,
        "cp_latency": 0.000262144,
        "total_energy": 3924269727.7439995,
        "NoC_energy": 0.0,
        "DRAM_energy": 3924257931.2639995,
        "Compute_energy": 11796.48
    },
    "ResAdd": {
        "latency": 0.00369555525,
        "utilization": 0.004433433920383142,
        "cp_latency": 1.6384e-05,
        "total_energy": 997322009339.9038,
        "NoC_energy": 0.0,
        "DRAM_energy": 997322007773.1838,
        "Compute_energy": 1566.7200000000003
    },
    "FFNup&SiLU": {
        "latency": 0.2784913778066176,
        "utilization": 0.9973062170958094,
        "cp_latency": 0.2777411824941176,
        "total_energy": 1094978501234.0,
        "NoC_energy": 14207295474.892801,
        "DRAM_energy": 1080753358110.7201,
        "Compute_energy": 17847648.387071997
    },
    "FFNgate": {
        "latency": 0.2783144306066176,
        "utilization": 0.9973045044381463,
        "cp_latency": 0.2775642352941176,
        "total_energy": 1012416065096.9089,
        "NoC_energy": 14207295474.892801,
        "DRAM_energy": 998190933344.2561,
        "Compute_energy": 17836277.759999998
    },
    "Hadamard": {
        "latency": 0.0021131071999999996,
        "utilization": 0.024811235322088728,
        "cp_latency": 4.42368e-05,
        "total_energy": 1610851110905.8557,
        "NoC_energy": 0.0,
        "DRAM_energy": 1610851106684.9277,
        "Compute_energy": 4220.928
    },
    "FFNdown": {
        "latency": 0.2783486102941177,
        "utilization": 0.9971820408976669,
        "cp_latency": 0.27756423529411767,
        "total_energy": 311439102018.8467,
        "NoC_energy": 12865204094.23872,
        "DRAM_energy": 298556061646.84796,
        "Compute_energy": 17836277.759999998
    },
    "ResAdd2": {
        "latency": 0.00369555525,
        "utilization": 0.004433433920383142,
        "cp_latency": 1.6384e-05,
        "total_energy": 997322009339.9038,
        "NoC_energy": 0.0,
        "DRAM_energy": 997322007773.1838,
        "Compute_energy": 1566.7200000000003
    },
    "TotalLayer": {
        "latency": 0.052256256590655276,
        "total_energy": 7624946267603.111,
        "NoC_energy": 62299485786.603516,
        "DRAM_energy": 7562562040233.983,
        "Compute_energy": 84741582.52339199,
        "utilization": 95.47161170598525,
        "cp_latency": 0.04988989038431373
    }
}