{
    "RMSNorm": {
        "latency": 0.005126371515625,
        "utilization": 0.012784091008669304,
        "cp_latency": 0.000524288,
        "energy": 579078822.2976
    },
    "QKV_fusion": {
        "latency": 0.2792928630195568,
        "utilization": 0.9815414306547227,
        "cp_latency": 0.27413751633986927,
        "energy": 35560379740.323845
    },
    "Flashatten": {
        "latency": 0.028746135205882352,
        "utilization": 0.3631349379235274,
        "cp_latency": 0.010438726023529413,
        "energy": 14952570678.390528
    },
    "Linear": {
        "latency": 0.09671091039453975,
        "utilization": 0.9448693197127527,
        "cp_latency": 0.09137917211328975,
        "energy": 12606581170.503677
    },
    "RMSNorm2": {
        "latency": 0.005126371515625,
        "utilization": 0.012784091008669304,
        "cp_latency": 0.000524288,
        "energy": 579078822.2976
    },
    "ResAdd": {
        "latency": 0.007983324500000001,
        "utilization": 0.0018598767969409233,
        "cp_latency": 1.47456e-05,
        "energy": 4281204945.7152004
    },
    "FFNup&SiLU": {
        "latency": 0.2520846155590074,
        "utilization": 0.9793578658436339,
        "cp_latency": 0.2468810511058824,
        "energy": 64934187270.93043
    },
    "FFNgate": {
        "latency": 0.2519273291590074,
        "utilization": 0.9793449782899866,
        "cp_latency": 0.2467237647058824,
        "energy": 24068521596.026882
    },
    "Hadamard": {
        "latency": 0.010667608550000002,
        "utilization": 0.003887656713837704,
        "cp_latency": 4.1472000000000005e-05,
        "energy": 2095507832.832
    },
    "FFNdown": {
        "latency": 0.2520555029871324,
        "utilization": 0.9788469673620964,
        "cp_latency": 0.2467237647058824,
        "energy": 24374286357.62688
    },
    "ResAdd2": {
        "latency": 0.007983324500000001,
        "utilization": 0.0018598767969409233,
        "cp_latency": 1.47456e-05,
        "energy": 4281204945.7152004
    },
    "TotalLayer": {
        "latency": 0.04790817427625505,
        "energy": 188312602182.65985,
        "utilization": 93.29543870747413,
        "cp_latency": 0.044696141367773425
    }
}