{
    "RMSNorm": {
        "latency": 0.017389792293945314,
        "utilization": 0.9647738004232175,
        "cp_latency": 0.016777216,
        "total_energy": 52573293772.8,
        "NoC_energy": 0.0,
        "DRAM_energy": 52572916285.44,
        "Compute_energy": 377487.36
    },
    "QKV_fusion": {
        "latency": 78.95192606818703,
        "utilization": 0.9999959296457896,
        "cp_latency": 78.95160470588235,
        "total_energy": 378628261497463.2,
        "NoC_energy": 1074798729552.1997,
        "DRAM_energy": 377538242477555.8,
        "Compute_energy": 15220290355.200006
    },
    "Flashatten": {
        "latency": 21.062616222989462,
        "utilization": 0.9999856371077411,
        "cp_latency": 21.06231370290196,
        "total_energy": 290283603728536.2,
        "NoC_energy": 17162145056560.254,
        "DRAM_energy": 273121265319936.1,
        "Compute_energy": 193352039.79264
    },
    "Linear": {
        "latency": 26.31752402956495,
        "utilization": 0.9999877472919892,
        "cp_latency": 26.31720156862745,
        "total_energy": 109814157186328.19,
        "NoC_energy": 334296202503.78235,
        "DRAM_energy": 109475512329437.2,
        "Compute_energy": 4348654387.2
    },
    "RMSNorm2": {
        "latency": 0.017389792293945314,
        "utilization": 0.9647738004232175,
        "cp_latency": 0.016777216,
        "total_energy": 52573293772.8,
        "NoC_energy": 0.0,
        "DRAM_energy": 52572916285.44,
        "Compute_energy": 377487.36
    },
    "ResAdd": {
        "latency": 0.014624821999999999,
        "utilization": 0.28679350764064004,
        "cp_latency": 0.004194304,
        "total_energy": 240437810044600.3,
        "NoC_energy": 0.0,
        "DRAM_energy": 240437809737891.84,
        "Compute_energy": 306708.48
    },
    "FFNup&SiLU": {
        "latency": 71.10209209593553,
        "utilization": 0.9999950862565206,
        "cp_latency": 71.10174271849412,
        "total_energy": 341868032047850.7,
        "NoC_energy": 1032111564993.331,
        "DRAM_energy": 340830046056874.0,
        "Compute_energy": 5874425983.401983
    },
    "FFNgate": {
        "latency": 71.05676394964959,
        "utilization": 0.9999955005781618,
        "cp_latency": 71.05644423529412,
        "total_energy": 337920259744522.6,
        "NoC_energy": 1073716397793.6077,
        "DRAM_energy": 336833497383567.4,
        "Compute_energy": 13045963161.6
    },
    "Hadamard": {
        "latency": 0.032614572800000005,
        "utilization": 0.34722578981626273,
        "cp_latency": 0.0113246208,
        "total_energy": 799634899446792.2,
        "NoC_energy": 0.0,
        "DRAM_energy": 799634898045370.4,
        "Compute_energy": 1401421.8240000003
    },
    "FFNdown": {
        "latency": 71.05676394964958,
        "utilization": 0.999995500578162,
        "cp_latency": 71.05644423529412,
        "total_energy": 107555946833305.95,
        "NoC_energy": 1073716397793.6077,
        "DRAM_energy": 106467879876034.58,
        "Compute_energy": 14350559477.759998
    },
    "ResAdd2": {
        "latency": 0.014624821999999999,
        "utilization": 0.28679350764064004,
        "cp_latency": 0.004194304,
        "total_energy": 240437810044600.3,
        "NoC_energy": 0.0,
        "DRAM_energy": 240437809737891.84,
        "Compute_energy": 306708.48
    },
    "TotalLayer": {
        "latency": 13.58577320469456,
        "total_energy": 2846685927161545.5,
        "NoC_energy": 21750784349196.785,
        "DRAM_energy": 2824882106797130.5,
        "Compute_energy": 53036015218.458626,
        "utilization": 99.98665919432418,
        "cp_latency": 13.583960753091764
    }
}