{
    "RMSNorm": {
        "latency": 0.0116679648,
        "utilization": 0.010110143630189902,
        "cp_latency": 5.89824e-05,
        "total_energy": 2068027416.5759997,
        "NoC_energy": 0.0,
        "DRAM_energy": 2068026753.0239997,
        "Compute_energy": 663.5519999999999
    },
    "QKV_fusion": {
        "latency": 0.07650752111672794,
        "utilization": 0.012754455385073592,
        "cp_latency": 0.0009758117647058823,
        "total_energy": 234206563769.54883,
        "NoC_energy": 1406925589.7088,
        "DRAM_energy": 232799575474.17603,
        "Compute_energy": 62705.66399999999
    },
    "Flashatten": {
        "latency": 3.688278036105342e-05,
        "utilization": 0,
        "cp_latency": 1.4117647058823527e-07,
        "total_energy": 0,
        "NoC_energy": 0,
        "DRAM_energy": 0,
        "Compute_energy": 0
    },
    "Linear": {
        "latency": 0.0339970713694853,
        "utilization": 0.009567606124074755,
        "cp_latency": 0.0003252705882352941,
        "total_energy": 350755382597.22235,
        "NoC_energy": 696724645.4784,
        "DRAM_energy": 350058625105.92,
        "Compute_energy": 32845.824
    },
    "RMSNorm2": {
        "latency": 0.0116679648,
        "utilization": 0.010110143630189902,
        "cp_latency": 5.89824e-05,
        "total_energy": 2068027416.5759997,
        "NoC_energy": 0.0,
        "DRAM_energy": 2068026753.0239997,
        "Compute_energy": 663.5519999999999
    },
    "ResAdd": {
        "latency": 0.0031296402718750003,
        "utilization": 9.20233557154018e-06,
        "cp_latency": 1.0239999999999999e-07,
        "total_energy": 3306676027.5540004,
        "NoC_energy": 0.0,
        "DRAM_energy": 3306676027.392,
        "Compute_energy": 0.16199999999999998
    },
    "FFNup&SiLU": {
        "latency": 0.0967603536764706,
        "utilization": 0.01345120293062421,
        "cp_latency": 0.0013015431529411763,
        "total_energy": 478470561370.9025,
        "NoC_energy": 1406925589.7088,
        "DRAM_energy": 477063492403.2,
        "Compute_energy": 143377.99372799997
    },
    "FFNgate": {
        "latency": 0.0967603536764706,
        "utilization": 0.013446440649560824,
        "cp_latency": 0.0013010823529411763,
        "total_energy": 539242201074.8928,
        "NoC_energy": 1406925589.7088,
        "DRAM_energy": 537835132157.952,
        "Compute_energy": 143327.232
    },
    "Hadamard": {
        "latency": 0.0138294912,
        "utilization": 0.002132486262401324,
        "cp_latency": 2.0479999999999998e-07,
        "total_energy": 2357937211.392,
        "NoC_energy": 0.0,
        "DRAM_energy": 2357937045.504,
        "Compute_energy": 165.88799999999998
    },
    "FFNdown": {
        "latency": 0.0967603536764706,
        "utilization": 0.013446440649560824,
        "cp_latency": 0.0013010823529411763,
        "total_energy": 539242201074.8928,
        "NoC_energy": 1406925589.7088,
        "DRAM_energy": 537835132157.952,
        "Compute_energy": 143327.232
    },
    "ResAdd2": {
        "latency": 0.0031296402718750003,
        "utilization": 9.20233557154018e-06,
        "cp_latency": 1.0239999999999999e-07,
        "total_energy": 3306676027.5540004,
        "NoC_energy": 0.0,
        "DRAM_energy": 3306676027.392,
        "Compute_energy": 0.16199999999999998
    },
    "TotalLayer": {
        "latency": 0.028431823208943108,
        "total_energy": 2155024253987.1113,
        "NoC_energy": 6324427004.313601,
        "DRAM_energy": 2148699299905.5361,
        "Compute_energy": 527077.2617279999,
        "utilization": 1.1982754955366204,
        "cp_latency": 0.00034069157044705885
    }
}