{
    "RMSNorm": {
        "latency": 0.0185097152,
        "utilization": 0.011330006849592155,
        "cp_latency": 0.0001048576,
        "total_energy": 3388730376.192,
        "NoC_energy": 0.0,
        "DRAM_energy": 3388729196.544,
        "Compute_energy": 1179.648
    },
    "QKV_fusion": {
        "latency": 0.2075068387254902,
        "utilization": 0.029724775123227628,
        "cp_latency": 0.006168094117647059,
        "total_energy": 1445918189341.901,
        "NoC_energy": 1403930856.6528,
        "DRAM_energy": 1444513465761.792,
        "Compute_energy": 792723.4560000002
    },
    "Flashatten": {
        "latency": 0.00015518376747652415,
        "utilization": 0,
        "cp_latency": 2.007843137254902e-06,
        "total_energy": 0,
        "NoC_energy": 0,
        "DRAM_energy": 0,
        "Compute_energy": 0
    },
    "Linear": {
        "latency": 0.07948318235294118,
        "utilization": 0.025867501925367218,
        "cp_latency": 0.0020560313725490197,
        "total_energy": 344322879573.1967,
        "NoC_energy": 1403930856.6528,
        "DRAM_energy": 342918778847.23193,
        "Compute_energy": 169869.31200000003
    },
    "RMSNorm2": {
        "latency": 0.0185097152,
        "utilization": 0.011330006849592155,
        "cp_latency": 0.0001048576,
        "total_energy": 3388730376.192,
        "NoC_energy": 0.0,
        "DRAM_energy": 3388729196.544,
        "Compute_energy": 1179.648
    },
    "ResAdd": {
        "latency": 0.005432232962499999,
        "utilization": 3.770088680175966e-05,
        "cp_latency": 2.048e-07,
        "total_energy": 33433904483.712,
        "NoC_energy": 0.0,
        "DRAM_energy": 33433904480.256,
        "Compute_energy": 3.4559999999999995
    },
    "FFNup&SiLU": {
        "latency": 0.23951275281862747,
        "utilization": 0.03005675864521936,
        "cp_latency": 0.007198977003921568,
        "total_energy": 1355324510569.8323,
        "NoC_energy": 1403930856.6528,
        "DRAM_energy": 1353919720587.264,
        "Compute_energy": 859125.9156479997
    },
    "FFNgate": {
        "latency": 0.23951275281862747,
        "utilization": 0.03004478767513005,
        "cp_latency": 0.007196109803921568,
        "total_energy": 1554705482042.5728,
        "NoC_energy": 1403930856.6528,
        "DRAM_energy": 1553300692402.176,
        "Compute_energy": 858783.7439999997
    },
    "Hadamard": {
        "latency": 0.0844835008,
        "utilization": 0.0021720312044644814,
        "cp_latency": 8.192e-07,
        "total_energy": 14469745852.415998,
        "NoC_energy": 0.0,
        "DRAM_energy": 14469744820.223999,
        "Compute_energy": 1032.1919999999998
    },
    "FFNdown": {
        "latency": 0.24504660698529415,
        "utilization": 0.02936629032514384,
        "cp_latency": 0.007196109803921568,
        "total_energy": 735246697680.0769,
        "NoC_energy": 1463825517.7728,
        "DRAM_energy": 733782277619.712,
        "Compute_energy": 594542.5919999998
    },
    "ResAdd2": {
        "latency": 0.005432232962499999,
        "utilization": 3.770088680175966e-05,
        "cp_latency": 2.048e-07,
        "total_energy": 33433904483.712,
        "NoC_energy": 0.0,
        "DRAM_energy": 33433904480.256,
        "Compute_energy": 3.4559999999999995
    },
    "TotalLayer": {
        "latency": 0.09148677716747657,
        "total_energy": 5523632774779.803,
        "NoC_energy": 7079548944.384001,
        "DRAM_energy": 5516549947391.999,
        "Compute_energy": 3278443.419647999,
        "utilization": 2.625802318088262,
        "cp_latency": 0.0024022619156078427
    }
}