{
    "RMSNorm": {
        "latency": 0.00454991887890625,
        "utilization": 0.05761509314271918,
        "cp_latency": 0.000524288,
        "total_energy": 683448002.1503999,
        "NoC_energy": 0.0,
        "DRAM_energy": 683446527.5904,
        "Compute_energy": 1474.56
    },
    "QKV_fusion": {
        "latency": 1.097409376272563,
        "utilization": 0.9992169641232659,
        "cp_latency": 1.096550065359477,
        "total_energy": 1310579055978.0864,
        "NoC_energy": 55053077977.497604,
        "DRAM_energy": 1255455513693.389,
        "Compute_energy": 70464307.2
    },
    "Flashatten": {
        "latency": 0.04182292930735294,
        "utilization": 0.9907400980415804,
        "cp_latency": 0.04143565308235294,
        "total_energy": 73082628675.25163,
        "NoC_energy": 21844618735.779842,
        "DRAM_energy": 51237250242.969604,
        "Compute_energy": 759696.5021759999
    },
    "Linear": {
        "latency": 0.3662034987558934,
        "utilization": 0.9981245119037156,
        "cp_latency": 0.36551668845315904,
        "total_energy": 496669770180.1983,
        "NoC_energy": 19046899836.5184,
        "DRAM_energy": 477585960468.4799,
        "Compute_energy": 36909875.199999996
    },
    "RMSNorm2": {
        "latency": 0.00454991887890625,
        "utilization": 0.05761509314271918,
        "cp_latency": 0.000524288,
        "total_energy": 683448002.1503999,
        "NoC_energy": 0.0,
        "DRAM_energy": 683446527.5904,
        "Compute_energy": 1474.56
    },
    "ResAdd": {
        "latency": 0.007984860500000001,
        "utilization": 0.007438076094128381,
        "cp_latency": 5.89824e-05,
        "total_energy": 1575937657123.0762,
        "NoC_energy": 0.0,
        "DRAM_energy": 1575937650740.4292,
        "Compute_energy": 6382.647000000001
    },
    "FFNup&SiLU": {
        "latency": 0.9883875589157171,
        "utilization": 0.9991265020644992,
        "cp_latency": 0.9875242044235295,
        "total_energy": 2947909663636.5864,
        "NoC_energy": 45115001693.7984,
        "DRAM_energy": 2902685876276.4287,
        "Compute_energy": 108785666.35929604
    },
    "FFNgate": {
        "latency": 0.9877584133157171,
        "utilization": 0.9991259456962867,
        "cp_latency": 0.9868950588235295,
        "total_energy": 2700476119882.138,
        "NoC_energy": 45115001693.7984,
        "DRAM_energy": 2655216163042.0996,
        "Compute_energy": 144955146.23999998
    },
    "Hadamard": {
        "latency": 0.010675902950000002,
        "utilization": 0.015538545149476092,
        "cp_latency": 0.00015759360000000002,
        "total_energy": 4283487152384.283,
        "NoC_energy": 0.0,
        "DRAM_energy": 4283487136382.976,
        "Compute_energy": 16001.306999999997
    },
    "FFNdown": {
        "latency": 0.9875933895120061,
        "utilization": 0.9992928965545004,
        "cp_latency": 0.9868950588235296,
        "total_energy": 1004812084917.0431,
        "NoC_energy": 49281978964.3776,
        "DRAM_energy": 955394210503.0656,
        "Compute_energy": 135895449.60000002
    },
    "ResAdd2": {
        "latency": 0.007984860500000001,
        "utilization": 0.007438076094128381,
        "cp_latency": 5.89824e-05,
        "total_energy": 1575937657123.0762,
        "NoC_energy": 0.0,
        "DRAM_energy": 1575937650740.4292,
        "Compute_energy": 6382.647000000001
    },
    "TotalLayer": {
        "latency": 0.18019682511148247,
        "total_energy": 15970258685904.041,
        "NoC_energy": 235456578901.77023,
        "DRAM_energy": 15734304305145.45,
        "Compute_energy": 497801856.82247204,
        "utilization": 99.13916875289024,
        "cp_latency": 0.1786456345346231
    }
}