{
    "RMSNorm": {
        "latency": 0.0417530391515625,
        "utilization": 0.018835323511308275,
        "cp_latency": 0.0016777216,
        "energy": 6784431685.632
    },
    "QKV_fusion": {
        "latency": 0.7030338142910029,
        "utilization": 0.9982336945454184,
        "cp_latency": 0.7017920418300654,
        "energy": 43201270414.049286
    },
    "Flashatten": {
        "latency": 0.4785600958470589,
        "utilization": 0.9988842249810758,
        "cp_latency": 0.4780261304470588,
        "energy": 654782441115.6805
    },
    "Linear": {
        "latency": 0.23512454047330308,
        "utilization": 0.994922436165625,
        "cp_latency": 0.2339306806100218,
        "energy": 17561177009.684483
    },
    "RMSNorm2": {
        "latency": 0.0417530391515625,
        "utilization": 0.018835323511308275,
        "cp_latency": 0.0016777216,
        "energy": 6784431685.632
    },
    "ResAdd": {
        "latency": 0.012328276800000001,
        "utilization": 0.0039869318962728025,
        "cp_latency": 4.9152e-05,
        "energy": 2435246456.8320003
    },
    "FFNup&SiLU": {
        "latency": 0.9376622363478129,
        "utilization": 0.9987267698143296,
        "cp_latency": 0.9364683764845316,
        "energy": 396152286051.56555
    },
    "FFNgate": {
        "latency": 0.9369165823033684,
        "utilization": 0.9987257565018796,
        "cp_latency": 0.9357227224400871,
        "energy": 55843234056.76545
    },
    "Hadamard": {
        "latency": 0.0418565536,
        "utilization": 0.00454061272736989,
        "cp_latency": 0.0001900544,
        "energy": 8911842390.835201
    },
    "FFNdown": {
        "latency": 0.9369165823033684,
        "utilization": 0.9987257565018796,
        "cp_latency": 0.9357227224400871,
        "energy": 55843234056.76545
    },
    "ResAdd2": {
        "latency": 0.012328276800000001,
        "utilization": 0.0039869318962728025,
        "cp_latency": 4.9152e-05,
        "energy": 2435246456.8320003
    },
    "TotalLayer": {
        "latency": 0.14010345718620928,
        "energy": 1250734841380.2737,
        "utilization": 96.50711691400595,
        "cp_latency": 0.13520980722725925
    }
}