{
    "RMSNorm": {
        "latency": 0.015096793878906252,
        "utilization": 0.01736421667426197,
        "cp_latency": 0.001048576,
        "total_energy": 2314193397.3504,
        "NoC_energy": 0.0,
        "DRAM_energy": 2314191922.7904,
        "Compute_energy": 1474.56
    },
    "QKV_fusion": {
        "latency": 0.2760415202461193,
        "utilization": 0.9931024727564448,
        "cp_latency": 0.27413751633986927,
        "total_energy": 471777002693.59106,
        "NoC_energy": 14159162627.850239,
        "DRAM_energy": 457580091329.74084,
        "Compute_energy": 37748735.99999999
    },
    "Flashatten": {
        "latency": 0.04219866789411766,
        "utilization": 0.9873463920392038,
        "cp_latency": 0.041664702494117654,
        "total_energy": 57579422184.87782,
        "NoC_energy": 44937501399.31853,
        "DRAM_energy": 12641538303.590399,
        "Compute_energy": 382481.96889600006
    },
    "Linear": {
        "latency": 0.09321725805078976,
        "utilization": 0.9802816991624177,
        "cp_latency": 0.09137917211328975,
        "total_energy": 725374186008.0845,
        "NoC_energy": 4719720875.95008,
        "DRAM_energy": 720641882220.1344,
        "Compute_energy": 12582912.0
    },
    "RMSNorm2": {
        "latency": 0.015096793878906252,
        "utilization": 0.01736421667426197,
        "cp_latency": 0.001048576,
        "total_energy": 2314193397.3504,
        "NoC_energy": 0.0,
        "DRAM_energy": 2314191922.7904,
        "Compute_energy": 1474.56
    },
    "ResAdd": {
        "latency": 0.0058025865,
        "utilization": 0.002647095394441772,
        "cp_latency": 1.47456e-05,
        "total_energy": 382660875236.3868,
        "NoC_energy": 0.0,
        "DRAM_energy": 382660873342.1568,
        "Compute_energy": 1894.2299999999996
    },
    "FFNup&SiLU": {
        "latency": 0.2488216761058824,
        "utilization": 0.9922007397813115,
        "cp_latency": 0.2468810511058824,
        "total_energy": 840924340175.2413,
        "NoC_energy": 12585922335.866879,
        "DRAM_energy": 828297623214.4897,
        "Compute_energy": 40794624.88473602
    },
    "FFNgate": {
        "latency": 0.2486643897058824,
        "utilization": 0.9921958065555935,
        "cp_latency": 0.2467237647058824,
        "total_energy": 661689087798.8044,
        "NoC_energy": 12585922335.866879,
        "DRAM_energy": 649062396828.0576,
        "Compute_energy": 40768634.879999995
    },
    "Hadamard": {
        "latency": 0.010667608550000002,
        "utilization": 0.003887656713837704,
        "cp_latency": 4.1472000000000005e-05,
        "total_energy": 1110778639195.5342,
        "NoC_energy": 0.0,
        "DRAM_energy": 1110778633204.5312,
        "Compute_energy": 5991.003
    },
    "FFNdown": {
        "latency": 0.24856185064338238,
        "utilization": 0.9926051164619902,
        "cp_latency": 0.2467237647058824,
        "total_energy": 948687231390.8427,
        "NoC_energy": 12585922335.866879,
        "DRAM_energy": 936051480723.4558,
        "Compute_energy": 49828331.51999998
    },
    "ResAdd2": {
        "latency": 0.0058025865,
        "utilization": 0.002647095394441772,
        "cp_latency": 1.47456e-05,
        "total_energy": 382660875236.3868,
        "NoC_energy": 0.0,
        "DRAM_energy": 382660873342.1568,
        "Compute_energy": 1894.2299999999996
    },
    "TotalLayer": {
        "latency": 0.04839886927815946,
        "total_energy": 5586760046714.45,
        "NoC_energy": 101574151910.71948,
        "DRAM_energy": 5485003776353.895,
        "Compute_energy": 182118449.83663198,
        "utilization": 95.01693769393322,
        "cp_latency": 0.04598712346659695
    }
}