instance_names,utilizations,tot_energy,noc_energy,dram_energy,comp_energy,memory_peak
Tile,0.24196523872844386,142068.80060466184,2688.6849254028207,139377.7360421866,2.3796370866469374,255.99853515625
Tile,0.227134780728419,133004.60562751308,2528.8745657321565,130473.49745554307,2.2336062477169087,255.99853515625
Tile,0.9916211018898186,1229731.1938489673,10866.682300593906,1218849.887542447,14.624005927854427,255.99853515625
Tile,0.994665547221342,1228707.3958622026,10849.00165015892,1217843.7875441161,14.60666792013726,255.99853515625
Tile,0.9898536980256925,1236325.0178574813,10925.268280149741,1225385.0469667835,14.70261054273396,255.99853515625
