{
    "RMSNorm": {
        "latency": 0.015096793878906252,
        "utilization": 0.01736421667426197,
        "cp_latency": 0.001048576
    },
    "QKV_fusion": {
        "latency": 0.05883355795547386,
        "utilization": 0.9319086788779313,
        "cp_latency": 0.05482750326797385
    },
    "Flashatten": {
        "latency": 0.009214111752941179,
        "utilization": 0.9420491725825271,
        "cp_latency": 0.008680146352941176
    },
    "Linear": {
        "latency": 0.02059731879765795,
        "utilization": 0.8872919141658395,
        "cp_latency": 0.01827583442265795
    },
    "RMSNorm2": {
        "latency": 0.015096793878906252,
        "utilization": 0.01736421667426197,
        "cp_latency": 0.001048576
    },
    "ResAdd": {
        "latency": 0.0020941596,
        "utilization": 0.0015647326975460705,
        "cp_latency": 3.2768e-06
    },
    "FFNup&SiLU": {
        "latency": 0.05317330001888617,
        "utilization": 0.9296650498479191,
        "cp_latency": 0.04943335861263617
    },
    "FFNgate": {
        "latency": 0.05314180632999728,
        "utilization": 0.9296233669020224,
        "cp_latency": 0.04940186492374728
    },
    "Hadamard": {
        "latency": 0.0031129236062499995,
        "utilization": 0.002845428002863956,
        "cp_latency": 8.8576e-06
    },
    "FFNdown": {
        "latency": 0.05140108367374727,
        "utilization": 0.9611055135979345,
        "cp_latency": 0.04940186492374728
    },
    "ResAdd2": {
        "latency": 0.0020941596,
        "utilization": 0.0015647326975460705,
        "cp_latency": 3.2768e-06
    },
    "TotalLayer": {
        "latency": 0.011354240363710648,
        "utilization": 81.7784821415709,
        "cp_latency": 0.009285325428148148
    }
}