{
    "RMSNorm": {
        "latency": 0.0041810972125,
        "utilization": 0.012539483617662956,
        "cp_latency": 0.0004194304
    },
    "QKV_fusion": {
        "latency": 0.01800491751557394,
        "utilization": 0.4876982809094268,
        "cp_latency": 0.008780967320261438
    },
    "Flashatten": {
        "latency": 0.0016701152265624997,
        "utilization": 0.2767100093753356,
        "cp_latency": 0.0004621376
    },
    "Linear": {
        "latency": 0.010230091938241346,
        "utilization": 0.286115620898026,
        "cp_latency": 0.002926989106753813
    },
    "RMSNorm2": {
        "latency": 0.0041810972125,
        "utilization": 0.012539483617662956,
        "cp_latency": 0.0004194304
    },
    "ResAdd": {
        "latency": 0.0012506683093750001,
        "utilization": 0.0005245195669248424,
        "cp_latency": 6.559999999999999e-07
    },
    "FFNup&SiLU": {
        "latency": 0.015822370535934098,
        "utilization": 0.4976147371092567,
        "cp_latency": 0.007873444754684095
    },
    "FFNgate": {
        "latency": 0.01581610138037854,
        "utilization": 0.49741560261421686,
        "cp_latency": 0.007867175599128539
    },
    "Hadamard": {
        "latency": 0.0015342973,
        "utilization": 0.0019354788671009195,
        "cp_latency": 1.9456e-06
    },
    "FFNdown": {
        "latency": 0.01363409454444104,
        "utilization": 0.5770222271442428,
        "cp_latency": 0.007867175599128539
    },
    "ResAdd2": {
        "latency": 0.0012506683093750001,
        "utilization": 0.0005245195669248424,
        "cp_latency": 6.559999999999999e-07
    },
    "TotalLayer": {
        "latency": 0.0028024166235162073,
        "utilization": 41.81534816505233,
        "cp_latency": 0.0011718402681586055
    }
}