{
    "RMSNorm": {
        "latency": 0.06647772160000001,
        "utilization": 0.025237351094776386,
        "cp_latency": 0.0002097152,
        "total_energy": 12472594464.768002,
        "NoC_energy": 0.0,
        "DRAM_energy": 12472585027.584002,
        "Compute_energy": 9437.184
    },
    "QKV_fusion": {
        "latency": 0.057669967687908504,
        "utilization": 0.8556403778170044,
        "cp_latency": 0.04934475294117647,
        "total_energy": 471640745212.64124,
        "NoC_energy": 2755088644.8332796,
        "DRAM_energy": 468881579704.32,
        "Compute_energy": 4076863.488
    },
    "Flashatten": {
        "latency": 0.0011946928492352468,
        "utilization": 0,
        "cp_latency": 0.0005140078431372549,
        "total_energy": 0,
        "NoC_energy": 0,
        "DRAM_energy": 0,
        "Compute_energy": 0
    },
    "Linear": {
        "latency": 0.025228031740196076,
        "utilization": 0.6519831253496083,
        "cp_latency": 0.016448250980392157,
        "total_energy": 119226921773.95712,
        "NoC_energy": 878191963.01312,
        "DRAM_energy": 118347823841.28,
        "Compute_energy": 905969.6640000001
    },
    "RMSNorm2": {
        "latency": 0.06647772160000001,
        "utilization": 0.025237351094776386,
        "cp_latency": 0.0002097152,
        "total_energy": 12472594464.768002,
        "NoC_energy": 0.0,
        "DRAM_energy": 12472585027.584002,
        "Compute_energy": 9437.184
    },
    "ResAdd": {
        "latency": 0.0030658298000000002,
        "utilization": 0.0010688134090157254,
        "cp_latency": 3.2768e-06,
        "total_energy": 174976967786.49603,
        "NoC_energy": 0.0,
        "DRAM_energy": 174976967639.04004,
        "Compute_energy": 147.456
    },
    "FFNup&SiLU": {
        "latency": 0.05546166667432597,
        "utilization": 0.7976662578422518,
        "cp_latency": 0.04423990010980392,
        "total_energy": 259303430665.74844,
        "NoC_energy": 1887635442.2374399,
        "DRAM_energy": 257413764612.09598,
        "Compute_energy": 2030611.4150399999
    },
    "FFNgate": {
        "latency": 0.05546166667432597,
        "utilization": 0.7970311236655807,
        "cp_latency": 0.04420467450980392,
        "total_energy": 252335918352.9574,
        "NoC_energy": 1887635442.2374399,
        "DRAM_energy": 250446253916.15997,
        "Compute_energy": 2028994.5599999998
    },
    "Hadamard": {
        "latency": 0.0017532768,
        "utilization": 0.005606872799548822,
        "cp_latency": 8.806400000000001e-06,
        "total_energy": 332040702241.536,
        "NoC_energy": 0.0,
        "DRAM_energy": 332040700428.288,
        "Compute_energy": 1813.2480000000003
    },
    "FFNdown": {
        "latency": 0.05629882487745098,
        "utilization": 0.78517934621241,
        "cp_latency": 0.04420467450980392,
        "total_energy": 133178761611.83745,
        "NoC_energy": 1887635442.2374399,
        "DRAM_energy": 131289097175.04001,
        "Compute_energy": 2028994.5599999998
    },
    "ResAdd2": {
        "latency": 0.0030658298000000002,
        "utilization": 0.0010688134090157254,
        "cp_latency": 3.2768e-06,
        "total_energy": 174976967786.49603,
        "NoC_energy": 0.0,
        "DRAM_energy": 174976967639.04004,
        "Compute_energy": 147.456
    },
    "TotalLayer": {
        "latency": 0.012548967363310166,
        "total_energy": 1942625604361.2056,
        "NoC_energy": 9296186934.55872,
        "DRAM_energy": 1933318325010.4321,
        "Compute_energy": 11092416.215040002,
        "utilization": 50.84492975945324,
        "cp_latency": 0.006380513641411765
    }
}