{
    "RMSNorm": {
        "latency": 0.014726975564062498,
        "utilization": 0.016020234363376497,
        "cp_latency": 0.0009437184
    },
    "QKV_fusion": {
        "latency": 0.44750824522058824,
        "utilization": 0.9923901541784524,
        "cp_latency": 0.44410277647058827
    },
    "Flashatten": {
        "latency": 0.01917540325294118,
        "utilization": 0.9660529642368718,
        "cp_latency": 0.01852445515294118
    },
    "Linear": {
        "latency": 0.1510686338235294,
        "utilization": 0.9799139310179729,
        "cp_latency": 0.14803425882352939
    },
    "RMSNorm2": {
        "latency": 0.014726975564062498,
        "utilization": 0.016020234363376497,
        "cp_latency": 0.0009437184
    },
    "ResAdd": {
        "latency": 0.0072053019,
        "utilization": 0.0018759519292314455,
        "cp_latency": 1.3107199999999999e-05
    },
    "FFNup&SiLU": {
        "latency": 0.5953811254941176,
        "utilization": 0.9949034746483074,
        "cp_latency": 0.5923467504941176
    },
    "FFNgate": {
        "latency": 0.5951714102941176,
        "utilization": 0.9949016788314806,
        "cp_latency": 0.5921370352941175
    },
    "Hadamard": {
        "latency": 0.0136568114,
        "utilization": 0.004048968560845762,
        "cp_latency": 5.2428799999999995e-05
    },
    "FFNdown": {
        "latency": 0.5951714102941176,
        "utilization": 0.9949016788314806,
        "cp_latency": 0.5921370352941175
    },
    "ResAdd2": {
        "latency": 0.0072053019,
        "utilization": 0.0018759519292314455,
        "cp_latency": 1.3107199999999999e-05
    },
    "TotalLayer": {
        "latency": 0.15750384606128237,
        "utilization": 97.08454801693327,
        "cp_latency": 0.15291189705788233
    }
}