{
    "RMSNorm": {
        "latency": 0.013717978982031248,
        "utilization": 0.034397136824460335,
        "cp_latency": 0.0009437184
    },
    "QKV_fusion": {
        "latency": 3.554308735202206,
        "utilization": 0.9995817686227487,
        "cp_latency": 3.552822211764706
    },
    "Flashatten": {
        "latency": 0.14867080807352945,
        "utilization": 0.9968038994597715,
        "cp_latency": 0.14819564122352943
    },
    "Linear": {
        "latency": 1.1853943830882352,
        "utilization": 0.9990549031478608,
        "cp_latency": 1.184274070588235
    },
    "RMSNorm2": {
        "latency": 0.013717978982031248,
        "utilization": 0.034397136824460335,
        "cp_latency": 0.0009437184
    },
    "ResAdd": {
        "latency": 0.019033707599999998,
        "utilization": 0.0055520869722722865,
        "cp_latency": 0.00010485759999999999
    },
    "FFNup&SiLU": {
        "latency": 4.740333769577941,
        "utilization": 0.9996709586917676,
        "cp_latency": 4.7387740039529405
    },
    "FFNgate": {
        "latency": 4.7386560479779405,
        "utilization": 0.9996708421946628,
        "cp_latency": 4.73709628235294
    },
    "Hadamard": {
        "latency": 0.0467084956,
        "utilization": 0.009155131084975471,
        "cp_latency": 0.00041943039999999996
    },
    "FFNdown": {
        "latency": 4.73821659485294,
        "utilization": 0.9997635581916587,
        "cp_latency": 4.73709628235294
    },
    "ResAdd2": {
        "latency": 0.019033707599999998,
        "utilization": 0.0055520869722722865,
        "cp_latency": 0.00010485759999999999
    },
    "TotalLayer": {
        "latency": 1.2299387012823586,
        "utilization": 99.3911000200342,
        "cp_latency": 1.2224496047766589
    }
}