{
    "RMSNorm": {
        "latency": 0.014726975564062498,
        "utilization": 0.016020234363376497,
        "cp_latency": 0.0009437184,
        "energy": 2027746964.2752001
    },
    "QKV_fusion": {
        "latency": 1.779816574632353,
        "utilization": 0.9980866181388925,
        "cp_latency": 1.776411105882353,
        "energy": 114842816458.26047
    },
    "Flashatten": {
        "latency": 0.07474876871176471,
        "utilization": 0.9912915207672506,
        "cp_latency": 0.07409782061176472,
        "energy": 53582506064.53555
    },
    "Linear": {
        "latency": 0.5951714102941176,
        "utilization": 0.9949016788314806,
        "cp_latency": 0.5921370352941175,
        "energy": 42895537581.588486
    },
    "RMSNorm2": {
        "latency": 0.014726975564062498,
        "utilization": 0.016020234363376497,
        "cp_latency": 0.0009437184,
        "energy": 2027746964.2752001
    },
    "ResAdd": {
        "latency": 0.0190324788,
        "utilization": 0.002776222716717278,
        "cp_latency": 5.2428799999999995e-05,
        "energy": 13019327653.478401
    },
    "FFNup&SiLU": {
        "latency": 2.37253856447647,
        "utilization": 0.9986716496215541,
        "cp_latency": 2.3693870019764702,
        "energy": 1152977782821.6177
    },
    "FFNgate": {
        "latency": 2.37169970367647,
        "utilization": 0.9986711797892818,
        "cp_latency": 2.36854814117647,
        "energy": 165163536450.84674
    },
    "Hadamard": {
        "latency": 0.0467011228,
        "utilization": 0.004578288211948514,
        "cp_latency": 0.00020971519999999998,
        "energy": 9962767201.075201
    },
    "FFNdown": {
        "latency": 2.37158251617647,
        "utilization": 0.9987205273359444,
        "cp_latency": 2.36854814117647,
        "energy": 167120430925.08676
    },
    "ResAdd2": {
        "latency": 0.0190324788,
        "utilization": 0.002776222716717278,
        "cp_latency": 5.2428799999999995e-05,
        "energy": 13019327653.478401
    },
    "TotalLayer": {
        "latency": 0.6195057644477293,
        "energy": 1736639526738.518,
        "utilization": 98.6730447796352,
        "cp_latency": 0.6112852003659293
    }
}