{
    "RMSNorm": {
        "latency": 0.046760355691015616,
        "utilization": 0.01892064307308061,
        "cp_latency": 0.0018874368,
        "energy": 7600467935.231998
    },
    "QKV_fusion": {
        "latency": 7.107581386420038,
        "utilization": 0.9997274793230893,
        "cp_latency": 7.105644423529412,
        "energy": 353414127361.72034
    },
    "Flashatten": {
        "latency": 1.1112185289764704,
        "utilization": 0.999519477595022,
        "cp_latency": 1.1106845635764706,
        "energy": 1526197318292.57
    },
    "Linear": {
        "latency": 2.36991259430147,
        "utilization": 0.9994242601485469,
        "cp_latency": 2.36854814117647,
        "energy": 134375788165.2019
    },
    "RMSNorm2": {
        "latency": 0.046760355691015616,
        "utilization": 0.01892064307308061,
        "cp_latency": 0.0018874368,
        "energy": 7600467935.231998
    },
    "ResAdd": {
        "latency": 0.049973665199999996,
        "utilization": 0.004229299555158504,
        "cp_latency": 0.00020971519999999998,
        "energy": 18278481552.998398
    },
    "FFNup&SiLU": {
        "latency": 9.47968150399963,
        "utilization": 0.999774940108183,
        "cp_latency": 9.477548007905881,
        "energy": 12740821061474.451
    },
    "FFNgate": {
        "latency": 9.47632606079963,
        "utilization": 0.9997748604174169,
        "cp_latency": 9.47419256470588,
        "energy": 520321619176.9804
    },
    "Hadamard": {
        "latency": 0.1718522456,
        "utilization": 0.004890824656177783,
        "cp_latency": 0.0008388607999999999,
        "energy": 38172488210.8416
    },
    "FFNdown": {
        "latency": 9.475557017830882,
        "utilization": 0.999856002858467,
        "cp_latency": 9.47419256470588,
        "energy": 527659973455.38043
    },
    "ResAdd2": {
        "latency": 0.049973665199999996,
        "utilization": 0.004229299555158504,
        "cp_latency": 0.00020971519999999998,
        "energy": 18278481552.998398
    },
    "TotalLayer": {
        "latency": 2.5206782323014494,
        "energy": 15892720275113.607,
        "utilization": 99.06119502074473,
        "cp_latency": 2.4970139795455997
    }
}