{
    "RMSNorm": {
        "latency": 0.046760355691015616,
        "utilization": 0.01892064307308061,
        "cp_latency": 0.0018874368,
        "total_energy": 7600472911.871999,
        "NoC_energy": 0.0,
        "DRAM_energy": 7600467935.231998,
        "Compute_energy": 4976.639999999999
    },
    "QKV_fusion": {
        "latency": 7.107581386420038,
        "utilization": 0.9997274793230893,
        "cp_latency": 7.105644423529412,
        "total_energy": 12869853965419.807,
        "NoC_energy": 300067009666.7443,
        "DRAM_energy": 12568612819068.518,
        "Compute_energy": 1174136684.544
    },
    "Flashatten": {
        "latency": 1.1112185289764704,
        "utilization": 0.999519477595022,
        "cp_latency": 1.1106845635764706,
        "total_energy": 1526197318292.57,
        "NoC_energy": 1198333370648.4941,
        "DRAM_energy": 327853751559.78235,
        "Compute_energy": 10196084.293631999
    },
    "Linear": {
        "latency": 2.36991259430147,
        "utilization": 0.9994242601485469,
        "cp_latency": 2.36854814117647,
        "total_energy": 3391538942674.2065,
        "NoC_energy": 112404211873.8739,
        "DRAM_energy": 3278786838449.3564,
        "Compute_energy": 347892350.9759999
    },
    "RMSNorm2": {
        "latency": 0.046760355691015616,
        "utilization": 0.01892064307308061,
        "cp_latency": 0.0018874368,
        "total_energy": 7600472911.871999,
        "NoC_energy": 0.0,
        "DRAM_energy": 7600467935.231998,
        "Compute_energy": 4976.639999999999
    },
    "ResAdd": {
        "latency": 0.049973665199999996,
        "utilization": 0.004229299555158504,
        "cp_latency": 0.00020971519999999998,
        "total_energy": 7140975578968.09,
        "NoC_energy": 0.0,
        "DRAM_energy": 7140975541184.101,
        "Compute_energy": 37783.989
    },
    "FFNup&SiLU": {
        "latency": 9.47968150399963,
        "utilization": 0.999774940108183,
        "cp_latency": 9.477548007905881,
        "total_energy": 24245364028486.977,
        "NoC_energy": 449616847495.4956,
        "DRAM_energy": 23795051149865.78,
        "Compute_energy": 696031125.7006081
    },
    "FFNgate": {
        "latency": 9.47632606079963,
        "utilization": 0.9997748604174169,
        "cp_latency": 9.47419256470588,
        "total_energy": 13083555152768.531,
        "NoC_energy": 449616847495.4956,
        "DRAM_energy": 12632807655132.363,
        "Compute_energy": 1130650140.6719997
    },
    "Hadamard": {
        "latency": 0.1718522456,
        "utilization": 0.004890824656177783,
        "cp_latency": 0.0008388607999999999,
        "total_energy": 27521366192619.64,
        "NoC_energy": 0.0,
        "DRAM_energy": 27521366029133.418,
        "Compute_energy": 163486.22400000002
    },
    "FFNdown": {
        "latency": 9.475557017830882,
        "utilization": 0.999856002858467,
        "cp_latency": 9.47419256470588,
        "total_energy": 7051251090645.318,
        "NoC_energy": 449616847495.4956,
        "DRAM_energy": 6600242673745.919,
        "Compute_energy": 1391569403.9039996
    },
    "ResAdd2": {
        "latency": 0.049973665199999996,
        "utilization": 0.004229299555158504,
        "cp_latency": 0.00020971519999999998,
        "total_energy": 7140975578968.09,
        "NoC_energy": 0.0,
        "DRAM_energy": 7140975541184.101,
        "Compute_energy": 37783.989
    },
    "TotalLayer": {
        "latency": 2.5206782323014494,
        "total_energy": 103986278794666.97,
        "NoC_energy": 2959655134675.599,
        "DRAM_energy": 101021872935193.8,
        "Compute_energy": 4750724797.57224,
        "utilization": 99.06119502074473,
        "cp_latency": 2.4970139795455997
    }
}