{
    "RMSNorm": {
        "latency": 0.008907468728125,
        "utilization": 0.013243358309811468,
        "cp_latency": 0.0009437184,
        "energy": 1014510492.0575999
    },
    "QKV_fusion": {
        "latency": 0.8943063341911766,
        "utilization": 0.9931781974288288,
        "cp_latency": 0.8882055529411765,
        "energy": 74945035858.08385
    },
    "Flashatten": {
        "latency": 0.05088363520588235,
        "utilization": 0.3647093034499986,
        "cp_latency": 0.018557735152941176,
        "energy": 26582347872.694275
    },
    "Linear": {
        "latency": 0.3015638301470588,
        "utilization": 0.9817772824502189,
        "cp_latency": 0.29606851764705877,
        "energy": 27567291881.226246
    },
    "RMSNorm2": {
        "latency": 0.008907468728125,
        "utilization": 0.013243358309811468,
        "cp_latency": 0.0009437184,
        "energy": 1014510492.0575999
    },
    "ResAdd": {
        "latency": 0.013875614400000002,
        "utilization": 0.001904002175211787,
        "cp_latency": 2.7033599999999998e-05,
        "energy": 12142802003.558403
    },
    "FFNup&SiLU": {
        "latency": 1.1901888134882352,
        "utilization": 0.9953828229288306,
        "cp_latency": 1.1846935009882351,
        "energy": 411435230960.81195
    },
    "FFNgate": {
        "latency": 1.1897693830882352,
        "utilization": 0.9953811952315195,
        "cp_latency": 1.184274070588235,
        "energy": 105807448123.63777
    },
    "Hadamard": {
        "latency": 0.024904915200000002,
        "utilization": 0.004341889909346087,
        "cp_latency": 0.00010813439999999999,
        "energy": 5166201411.9936
    },
    "FFNdown": {
        "latency": 1.189769383088235,
        "utilization": 0.9953811952315196,
        "cp_latency": 1.184274070588235,
        "energy": 106785895360.75777
    },
    "ResAdd2": {
        "latency": 0.013875614400000002,
        "utilization": 0.001904002175211787,
        "cp_latency": 2.7033599999999998e-05,
        "energy": 12142802003.558403
    },
    "TotalLayer": {
        "latency": 0.31276495748256467,
        "energy": 784604076460.4376,
        "utilization": 97.36380954396152,
        "cp_latency": 0.3045198775235765
    }
}