{
    "RMSNorm": {
        "latency": 0.023115841175781252,
        "utilization": 0.04536179289458892,
        "cp_latency": 0.002097152,
        "total_energy": 17318578225.152,
        "NoC_energy": 0.0,
        "DRAM_energy": 17318566428.672,
        "Compute_energy": 11796.48
    },
    "QKV_fusion": {
        "latency": 4.935392481617646,
        "utilization": 0.9998141611830436,
        "cp_latency": 4.934475294117647,
        "total_energy": 19730217851840.1,
        "NoC_energy": 220824710047.33435,
        "DRAM_energy": 19508849559994.367,
        "Compute_energy": 543581798.4
    },
    "Flashatten": {
        "latency": 2.6326480252627453,
        "utilization": 0.999850591345206,
        "cp_latency": 2.632254684862745,
        "total_energy": 4245066416651.9194,
        "NoC_energy": 2838010966384.3125,
        "DRAM_energy": 1407031286169.6,
        "Compute_energy": 24164098.007039994
    },
    "Linear": {
        "latency": 1.6454571292892157,
        "utilization": 0.9996158932136547,
        "cp_latency": 1.6448250980392156,
        "total_energy": 5657671220603.125,
        "NoC_energy": 88270224238.83775,
        "DRAM_energy": 5569189603442.6875,
        "Compute_energy": 211392921.6
    },
    "RMSNorm2": {
        "latency": 0.023115841175781252,
        "utilization": 0.04536179289458892,
        "cp_latency": 0.002097152,
        "total_energy": 17318578225.152,
        "NoC_energy": 0.0,
        "DRAM_energy": 17318566428.672,
        "Compute_energy": 11796.48
    },
    "ResAdd": {
        "latency": 0.024463107200000004,
        "utilization": 0.010715891397475459,
        "cp_latency": 0.000262144,
        "total_energy": 15179406593064.955,
        "NoC_energy": 0.0,
        "DRAM_energy": 15179406561509.371,
        "Compute_energy": 31555.584
    },
    "FFNup&SiLU": {
        "latency": 4.444717513655881,
        "utilization": 0.9998068282748316,
        "cp_latency": 4.443858919905882,
        "total_energy": 21229840426233.492,
        "NoC_energy": 220735220377.19046,
        "DRAM_energy": 21008819643482.11,
        "Compute_energy": 285562374.19315195
    },
    "FFNgate": {
        "latency": 4.441886358455881,
        "utilization": 0.9998067051516604,
        "cp_latency": 4.441027764705882,
        "total_energy": 16157434374940.264,
        "NoC_energy": 220735220377.19046,
        "DRAM_energy": 15936291468214.271,
        "Compute_energy": 407686348.8
    },
    "Hadamard": {
        "latency": 0.0607971184,
        "utilization": 0.011641814918649171,
        "cp_latency": 0.0007077888,
        "total_energy": 51423888406216.695,
        "NoC_energy": 0.0,
        "DRAM_energy": 51423888248143.87,
        "Compute_energy": 158072.83200000008
    },
    "FFNdown": {
        "latency": 4.441694952205882,
        "utilization": 0.9998497898871538,
        "cp_latency": 4.441027764705883,
        "total_energy": 7396589380262.952,
        "NoC_energy": 198742239042.60095,
        "DRAM_energy": 7197235611697.151,
        "Compute_energy": 611529523.1999999
    },
    "ResAdd2": {
        "latency": 0.024463107200000004,
        "utilization": 0.010715891397475459,
        "cp_latency": 0.000262144,
        "total_energy": 15179406593064.955,
        "NoC_energy": 0.0,
        "DRAM_energy": 15179406561509.371,
        "Compute_energy": 31555.584
    },
    "TotalLayer": {
        "latency": 0.9079100590255526,
        "total_energy": 156234158419328.75,
        "NoC_energy": 3787318580467.467,
        "DRAM_energy": 152444755677020.16,
        "Compute_energy": 2084161841.160192,
        "utilization": 99.31774929923009,
        "cp_latency": 0.9017158362854901
    }
}