{
    "RMSNorm": {
        "latency": 0.0173888608,
        "utilization": 0.048241274091975025,
        "cp_latency": 0.0001048576,
        "total_energy": 3163248132.0959997,
        "NoC_energy": 0.0,
        "DRAM_energy": 3163243413.5039997,
        "Compute_energy": 4718.592
    },
    "QKV_fusion": {
        "latency": 0.05389572950367648,
        "utilization": 0.9155596073304925,
        "cp_latency": 0.049344752941176476,
        "total_energy": 458846061125.95966,
        "NoC_energy": 2613831196.9996805,
        "DRAM_energy": 456228606050.30396,
        "Compute_energy": 3623878.656
    },
    "Flashatten": {
        "latency": 0.0005099739731528437,
        "utilization": 0,
        "cp_latency": 0.00025700392156862746,
        "total_energy": 0,
        "NoC_energy": 0,
        "DRAM_energy": 0,
        "Compute_energy": 0
    },
    "Linear": {
        "latency": 0.020999227542892157,
        "utilization": 0.7832788585578035,
        "cp_latency": 0.016448250980392157,
        "total_energy": 115579871098.30658,
        "NoC_energy": 871277065.6665602,
        "DRAM_energy": 114707839057.92001,
        "Compute_energy": 754974.7200000001
    },
    "RMSNorm2": {
        "latency": 0.0173888608,
        "utilization": 0.048241274091975025,
        "cp_latency": 0.0001048576,
        "total_energy": 3163248132.0959997,
        "NoC_energy": 0.0,
        "DRAM_energy": 3163243413.5039997,
        "Compute_energy": 4718.592
    },
    "ResAdd": {
        "latency": 0.0029330173,
        "utilization": 0.0011172112759103058,
        "cp_latency": 3.2768e-06,
        "total_energy": 174590420729.85602,
        "NoC_energy": 0.0,
        "DRAM_energy": 174590420582.40002,
        "Compute_energy": 147.456
    },
    "FFNup&SiLU": {
        "latency": 0.07039640928406862,
        "utilization": 0.9353521492248906,
        "cp_latency": 0.06584543272156863,
        "total_energy": 460998784356.18823,
        "NoC_energy": 3485108262.6662407,
        "DRAM_energy": 457510653788.16003,
        "Compute_energy": 3022305.36192
    },
    "FFNgate": {
        "latency": 0.07034398048406862,
        "utilization": 0.9353039658662664,
        "cp_latency": 0.06579300392156863,
        "total_energy": 461159843223.3063,
        "NoC_energy": 3485108262.6662407,
        "DRAM_energy": 457671715061.76,
        "Compute_energy": 3019898.8800000004
    },
    "Hadamard": {
        "latency": 0.0013532768,
        "utilization": 0.009685527750124734,
        "cp_latency": 1.31072e-05,
        "total_energy": 325949365641.216,
        "NoC_energy": 0.0,
        "DRAM_energy": 325949363060.736,
        "Compute_energy": 2580.48
    },
    "FFNdown": {
        "latency": 0.07109324806219362,
        "utilization": 0.9254465890208273,
        "cp_latency": 0.06579300392156863,
        "total_energy": 122936403154.69826,
        "NoC_energy": 3485108262.6662407,
        "DRAM_energy": 119449482952.70401,
        "Compute_energy": 1811939.3280000002
    },
    "ResAdd2": {
        "latency": 0.0029330173,
        "utilization": 0.0011172112759103058,
        "cp_latency": 3.2768e-06,
        "total_energy": 174590420729.85602,
        "NoC_energy": 0.0,
        "DRAM_energy": 174590420582.40002,
        "Compute_energy": 147.456
    },
    "TotalLayer": {
        "latency": 0.010535539259201677,
        "total_energy": 2300977666323.579,
        "NoC_energy": 13940433050.664963,
        "DRAM_energy": 2287024987963.392,
        "Compute_energy": 12245309.521920001,
        "utilization": 80.09790646150961,
        "cp_latency": 0.008438746381050981
    }
}