{
    "RMSNorm": {
        "latency": 0.041753649503125,
        "utilization": 0.018835048178031492,
        "cp_latency": 0.0016777216,
        "total_energy": 6784966950.912001,
        "NoC_energy": 0.0,
        "DRAM_energy": 6784962527.232,
        "Compute_energy": 4423.679999999999
    },
    "QKV_fusion": {
        "latency": 2.808601590171824,
        "utilization": 0.9994896311187109,
        "cp_latency": 2.8071681673202615,
        "total_energy": 2997527834662.0103,
        "NoC_energy": 133488975890.35008,
        "DRAM_energy": 2863781160733.9004,
        "Compute_energy": 257698037.75999996
    },
    "Flashatten": {
        "latency": 0.49513568511764705,
        "utilization": 0.9989215776280131,
        "cp_latency": 0.49460171971764716,
        "total_energy": 679634743302.16,
        "NoC_energy": 533632829116.9075,
        "DRAM_energy": 145997373741.4656,
        "Compute_energy": 4540443.787008001
    },
    "Linear": {
        "latency": 0.9370746633580559,
        "utilization": 0.998557275134167,
        "cp_latency": 0.9357227224400871,
        "total_energy": 1423998925212.2214,
        "NoC_energy": 45274679649.239044,
        "DRAM_energy": 1378629756282.4705,
        "Compute_energy": 94489280.51200002
    },
    "RMSNorm2": {
        "latency": 0.041753649503125,
        "utilization": 0.018835048178031492,
        "cp_latency": 0.0016777216,
        "total_energy": 6784966950.912001,
        "NoC_energy": 0.0,
        "DRAM_energy": 6784962527.232,
        "Compute_energy": 4423.679999999999
    },
    "ResAdd": {
        "latency": 0.0243532768,
        "utilization": 0.0039020293154143426,
        "cp_latency": 9.50272e-05,
        "total_energy": 2130802766985.447,
        "NoC_energy": 0.0,
        "DRAM_energy": 2130802758254.592,
        "Compute_energy": 8730.855
    },
    "FFNup&SiLU": {
        "latency": 3.2777239006571453,
        "utilization": 0.999576084630318,
        "cp_latency": 3.2763344231180827,
        "total_energy": 8911287482586.236,
        "NoC_energy": 176643644813.47586,
        "DRAM_energy": 8734343070272.718,
        "Compute_energy": 300767500.04224
    },
    "FFNgate": {
        "latency": 3.2764190060793674,
        "utilization": 0.9995759157981673,
        "cp_latency": 3.275029528540305,
        "total_energy": 5249223280416.5205,
        "NoC_energy": 176643644813.47586,
        "DRAM_energy": 5072038469723.749,
        "Compute_energy": 541165879.2960001
    },
    "Hadamard": {
        "latency": 0.07092396879999999,
        "utilization": 0.0046894612022896276,
        "cp_latency": 0.00032768,
        "total_energy": 8296010411361.15,
        "NoC_energy": 0.0,
        "DRAM_energy": 8296010372402.383,
        "Compute_energy": 38958.76799999998
    },
    "FFNdown": {
        "latency": 3.2762935788332728,
        "utilization": 0.9996141828372357,
        "cp_latency": 3.2750295285403044,
        "total_energy": 2380048603440.742,
        "NoC_energy": 175466265182.20798,
        "DRAM_energy": 2204161431463.5264,
        "Compute_energy": 420906795.00799996
    },
    "ResAdd2": {
        "latency": 0.0243532768,
        "utilization": 0.0039020293154143426,
        "cp_latency": 9.50272e-05,
        "total_energy": 2130802766985.447,
        "NoC_energy": 0.0,
        "DRAM_energy": 2130802758254.592,
        "Compute_energy": 8730.855
    },
    "TotalLayer": {
        "latency": 1.141950899649885,
        "total_energy": 34212906748853.758,
        "NoC_energy": 1241150039465.6562,
        "DRAM_energy": 32970137076183.863,
        "Compute_energy": 1619633204.2432477,
        "utilization": 98.55246330881494,
        "cp_latency": 1.125420741382135
    }
}