{
    "RMSNorm": {
        "latency": 0.008448319757812501,
        "utilization": 0.015514564287033817,
        "cp_latency": 0.000524288
    },
    "QKV_fusion": {
        "latency": 0.03299451335273693,
        "utilization": 0.8308578866101968,
        "cp_latency": 0.027413751633986926
    },
    "Flashatten": {
        "latency": 0.002966504994117647,
        "utilization": 0.7805673338521998,
        "cp_latency": 0.0023155568941176474
    },
    "Linear": {
        "latency": 0.012997487523828975,
        "utilization": 0.7030525857075033,
        "cp_latency": 0.009137917211328976
    },
    "RMSNorm2": {
        "latency": 0.008448319757812501,
        "utilization": 0.015514564287033817,
        "cp_latency": 0.000524288
    },
    "ResAdd": {
        "latency": 0.0017423923,
        "utilization": 0.0009403163684779828,
        "cp_latency": 1.6384e-06
    },
    "FFNup&SiLU": {
        "latency": 0.029768876571943086,
        "utilization": 0.8302859278745287,
        "cp_latency": 0.024716679306318084
    },
    "FFNgate": {
        "latency": 0.029753129727498637,
        "utilization": 0.8301961066987981,
        "cp_latency": 0.02470093246187364
    },
    "Hadamard": {
        "latency": 0.0020641384,
        "utilization": 0.0023812356768325225,
        "cp_latency": 4.096e-06
    },
    "FFNdown": {
        "latency": 0.027974565274373638,
        "utilization": 0.8829782418281638,
        "cp_latency": 0.02470093246187364
    },
    "ResAdd2": {
        "latency": 0.0017423923,
        "utilization": 0.0009403163684779828,
        "cp_latency": 1.6384e-06
    },
    "TotalLayer": {
        "latency": 0.006356025598404957,
        "utilization": 71.76920042494332,
        "cp_latency": 0.004561668750779956
    }
}