instance_names,utilizations
Tile,0.30921807830388565
Tile,0.29960227065117007
Tile,0.30221429447624576
Tile,0.3087229796020645
Tile,0.2985459764696058
Tile,0.296392542058744
Tile,0.3012809251919234
Tile,0.2953685906441635
Tile,0.2957852454817236
Tile,0.3021526232823506
Tile,0.30736596593781745
Tile,0.3048562611686319
Tile,0.3036516233253831
Tile,0.29819857382363507
Tile,0.3042525961383733
Tile,0.29468390818314283
Tile,0.2980276772276695
Tile,0.301876965761216
Tile,0.4520939204468844
Tile,0.5323542969476658
Tile,0.4951636236826303
Tile,0.5005997939875516
Tile,0.4515084078090768
Tile,0.5537753614573662
Tile,0.5637896485087208
Tile,0.5220830132346151
Tile,0.5418983906678683
Tile,0.4768352642430427
Tile,0.4482573267572322
Tile,0.4856828018432383
Tile,0.4947391877346343
Tile,0.4742060207391663
Tile,0.5070798605110762
Tile,0.5554443253201934
Tile,0.45808554733073814
Tile,0.5592068376192194
