instance_names,utilizations,tot_energy,noc_energy,dram_energy,comp_energy,memory_peak
Tile,0.7207188107717623,88631.9953661622,1956.2741607395224,86674.09711125208,1.6240941664938113,36.3134765625
Tile,0.7203586176612264,87341.18026573045,1929.5369437698494,85410.04230378017,1.6010181765381961,36.31591796875
Tile,0.9155525805823445,305229.99151575845,3259.1634602743584,301966.8621988349,3.9658566493131064,168.33251953125
Tile,0.9008393773853157,290229.2374358699,3065.8921244704934,287159.59415191703,3.7511594825580716,193.1884765625
Tile,0.8656299734763936,288306.6444783745,3037.840989284998,285265.08180815744,3.7216809318953934,202.44384765625
