{
    "RMSNorm": {
        "latency": 0.004212194425,
        "utilization": 0.024893817668447248,
        "cp_latency": 0.0004194304
    },
    "QKV_fusion": {
        "latency": 0.704715943197253,
        "utilization": 0.9958509504497344,
        "cp_latency": 0.7017920418300654
    },
    "Flashatten": {
        "latency": 0.011100670255035203,
        "utilization": 0.24286838095590896,
        "cp_latency": 0.0073103337690631825
    },
    "Linear": {
        "latency": 0.23681429877408433,
        "utilization": 0.9878232936989443,
        "cp_latency": 0.23393068061002184
    },
    "RMSNorm2": {
        "latency": 0.004212194425,
        "utilization": 0.024893817668447248,
        "cp_latency": 0.0004194304
    },
    "ResAdd": {
        "latency": 0.0104445692,
        "utilization": 0.0022745600651484983,
        "cp_latency": 2.4576e-05
    },
    "FFNup&SiLU": {
        "latency": 0.8217081297053019,
        "utilization": 0.9968060144096146,
        "cp_latency": 0.8190836057795207
    },
    "FFNgate": {
        "latency": 0.8213819060608575,
        "utilization": 0.996804745872273,
        "cp_latency": 0.8187573821350762
    },
    "Hadamard": {
        "latency": 0.010881553600000001,
        "utilization": 0.007829470233000551,
        "cp_latency": 8.31488e-05
    },
    "FFNdown": {
        "latency": 0.8213223967835137,
        "utilization": 0.996876969800796,
        "cp_latency": 0.8187573821350762
    },
    "ResAdd2": {
        "latency": 0.0104445692,
        "utilization": 0.0022745600651484983,
        "cp_latency": 2.4576e-05
    },
    "TotalLayer": {
        "latency": 0.2765790740500837,
        "utilization": 98.36181857324559,
        "cp_latency": 0.27204820702870586
    }
}