{
    "RMSNorm": {
        "latency": 0.003780687340625,
        "utilization": 0.887522002664547,
        "cp_latency": 0.0033554432,
        "total_energy": 9396226621.44,
        "NoC_energy": 0.0,
        "DRAM_energy": 9396113375.232,
        "Compute_energy": 113246.208
    },
    "QKV_fusion": {
        "latency": 12.632569448253674,
        "utilization": 0.9999752468954334,
        "cp_latency": 12.632256752941176,
        "total_energy": 94499379010905.03,
        "NoC_energy": 89241861268.43904,
        "DRAM_energy": 94407701903179.77,
        "Compute_energy": 2435246456.832001
    },
    "Flashatten": {
        "latency": 0.527936673438174,
        "utilization": 0.9994287518166508,
        "cp_latency": 0.527635090572549,
        "total_energy": 20596108506852.758,
        "NoC_energy": 143017875471.33542,
        "DRAM_energy": 20453080940150.79,
        "Compute_energy": 9691230.633984
    },
    "Linear": {
        "latency": 4.211067875980392,
        "utilization": 0.9999250487027768,
        "cp_latency": 4.210752250980392,
        "total_energy": 23412862132116.523,
        "NoC_energy": 22358568950.82496,
        "DRAM_energy": 23389962397286.402,
        "Compute_energy": 541165879.2960002
    },
    "RMSNorm2": {
        "latency": 0.003780687340625,
        "utilization": 0.887522002664547,
        "cp_latency": 0.0033554432,
        "total_energy": 9396226621.44,
        "NoC_energy": 0.0,
        "DRAM_energy": 9396113375.232,
        "Compute_energy": 113246.208
    },
    "ResAdd": {
        "latency": 0.004957464400000001,
        "utilization": 0.16921166393045603,
        "cp_latency": 0.0008388608,
        "total_energy": 39917451851857.914,
        "NoC_energy": 0.0,
        "DRAM_energy": 39917451818827.77,
        "Compute_energy": 33030.144
    },
    "FFNup&SiLU": {
        "latency": 11.325730144662538,
        "utilization": 0.9999721239559215,
        "cp_latency": 11.325414428109804,
        "total_energy": 68084619106601.414,
        "NoC_energy": 89434275803.29984,
        "DRAM_energy": 67994041190449.164,
        "Compute_energy": 1143640348.950528
    },
    "FFNgate": {
        "latency": 11.31670845429496,
        "utilization": 0.9999724496052528,
        "cp_latency": 11.316396674509804,
        "total_energy": 64573620568394.31,
        "NoC_energy": 89698845788.73343,
        "DRAM_energy": 64482259570262.02,
        "Compute_energy": 1662152343.5519993
    },
    "Hadamard": {
        "latency": 0.0046411798,
        "utilization": 0.48574683531976076,
        "cp_latency": 0.0022544384000000002,
        "total_energy": 102129874923651.06,
        "NoC_energy": 0.0,
        "DRAM_energy": 102129874860244.98,
        "Compute_energy": 63406.08
    },
    "FFNdown": {
        "latency": 11.316708454294961,
        "utilization": 0.9999724496052526,
        "cp_latency": 11.316396674509804,
        "total_energy": 29686512453985.24,
        "NoC_energy": 89181731726.29503,
        "DRAM_energy": 29595772454436.863,
        "Compute_energy": 1558267822.0799994
    },
    "ResAdd2": {
        "latency": 0.004957464400000001,
        "utilization": 0.16921166393045603,
        "cp_latency": 0.0008388608,
        "total_energy": 39917451851857.914,
        "NoC_energy": 0.0,
        "DRAM_energy": 39917451818827.77,
        "Compute_energy": 33030.144
    },
    "TotalLayer": {
        "latency": 1.6432908330945903,
        "total_energy": 482836672859465.06,
        "NoC_energy": 522933159008.92773,
        "DRAM_energy": 482306389180416.0,
        "Compute_energy": 7350520040.128512,
        "utilization": 99.97401581574984,
        "cp_latency": 1.642863837376753
    }
}