{
    "RMSNorm": {
        "latency": 0.0004499555,
        "utilization": 0.07282497935906995,
        "cp_latency": 3.2768e-05,
        "total_energy": 58787549.18399999,
        "NoC_energy": 0.0,
        "DRAM_energy": 58787364.86399999,
        "Compute_energy": 184.32
    },
    "QKV_fusion": {
        "latency": 0.07881095995136335,
        "utilization": 0.24457631437990895,
        "cp_latency": 0.019275294117647057,
        "total_energy": 934379166378.2299,
        "NoC_energy": 309629561.07776,
        "DRAM_energy": 934065997873.1521,
        "Compute_energy": 3538944.0000000014
    },
    "Flashatten": {
        "latency": 3.718183005804458e-05,
        "utilization": 0,
        "cp_latency": 2.5098039215686274e-06,
        "total_energy": 0,
        "NoC_energy": 0,
        "DRAM_energy": 0,
        "Compute_energy": 0
    },
    "Linear": {
        "latency": 0.02720040559257557,
        "utilization": 0.23621331738411414,
        "cp_latency": 0.006425098039215686,
        "total_energy": 222701937366.13885,
        "NoC_energy": 154814780.53888,
        "DRAM_energy": 222546414796.8,
        "Compute_energy": 707788.7999999999
    },
    "RMSNorm2": {
        "latency": 0.0004499555,
        "utilization": 0.07282497935906995,
        "cp_latency": 3.2768e-05,
        "total_energy": 58787549.18399999,
        "NoC_energy": 0.0,
        "DRAM_energy": 58787364.86399999,
        "Compute_energy": 184.32
    },
    "ResAdd": {
        "latency": 0.0033677519882812502,
        "utilization": 0.00030406039505379484,
        "cp_latency": 1.024e-06,
        "total_energy": 90213187641.6,
        "NoC_energy": 0.0,
        "DRAM_energy": 90213187584.0,
        "Compute_energy": 57.59999999999999
    },
    "FFNup&SiLU": {
        "latency": 0.07119039781039371,
        "utilization": 0.24383659088568804,
        "cp_latency": 0.017358823905882354,
        "total_energy": 752289724995.5593,
        "NoC_energy": 309629561.07776,
        "DRAM_energy": 751977067708.4159,
        "Compute_energy": 3027726.0656639985
    },
    "FFNgate": {
        "latency": 0.07119039781039371,
        "utilization": 0.24368124409257902,
        "cp_latency": 0.017347764705882354,
        "total_energy": 795846731245.8138,
        "NoC_energy": 309629561.07776,
        "DRAM_energy": 795534075887.6161,
        "Compute_energy": 3025797.12
    },
    "Hadamard": {
        "latency": 0.00063852465,
        "utilization": 0.03463985297983406,
        "cp_latency": 2.7648e-06,
        "total_energy": 93013009.92,
        "NoC_energy": 0.0,
        "DRAM_energy": 93012885.50400001,
        "Compute_energy": 124.41600000000001
    },
    "FFNdown": {
        "latency": 0.0712839545323989,
        "utilization": 0.24336142431601085,
        "cp_latency": 0.017347764705882354,
        "total_energy": 305448153419.6122,
        "NoC_energy": 320809897.82016,
        "DRAM_energy": 305125750996.992,
        "Compute_energy": 1592524.7999999998
    },
    "ResAdd2": {
        "latency": 0.0033677519882812502,
        "utilization": 0.00030406039505379484,
        "cp_latency": 1.024e-06,
        "total_energy": 90213187641.6,
        "NoC_energy": 0.0,
        "DRAM_energy": 90213187584.0,
        "Compute_energy": 57.59999999999999
    },
    "TotalLayer": {
        "latency": 0.013119489486149834,
        "total_energy": 3191302676796.8423,
        "NoC_energy": 1404513361.59232,
        "DRAM_energy": 3189886270046.2085,
        "Compute_energy": 11893389.041663999,
        "utilization": 23.728851388796347,
        "cp_latency": 0.0031131041631372552
    }
}