{
    "RMSNorm": {
        "latency": 0.0074362145,
        "utilization": 0.28201876102417434,
        "cp_latency": 0.000262144,
        "total_energy": 1010067308.5440001,
        "NoC_energy": 0.0,
        "DRAM_energy": 1010055512.0640001,
        "Compute_energy": 11796.48
    },
    "QKV_fusion": {
        "latency": 1.2339930422794119,
        "utilization": 0.9996967416045485,
        "cp_latency": 1.2336188235294119,
        "total_energy": 5164826653360.127,
        "NoC_energy": 23518167171.072,
        "DRAM_energy": 5141149941497.8545,
        "Compute_energy": 158544691.20000002
    },
    "Flashatten": {
        "latency": 0.015624418802010641,
        "utilization": 0.9696166151170311,
        "cp_latency": 0.010280156862745098,
        "total_energy": 136071009010.11458,
        "NoC_energy": 1222076572.6310399,
        "DRAM_energy": 134848551321.60002,
        "Compute_energy": 381115.88352
    },
    "Linear": {
        "latency": 0.4115700562480852,
        "utilization": 0.9991161122322708,
        "cp_latency": 0.4112062745098039,
        "total_energy": 1362888133066.0964,
        "NoC_energy": 19658451860.848637,
        "DRAM_energy": 1343199482216.4478,
        "Compute_energy": 30198988.79999999
    },
    "RMSNorm2": {
        "latency": 0.0074362145,
        "utilization": 0.28201876102417434,
        "cp_latency": 0.000262144,
        "total_energy": 1010067308.5440001,
        "NoC_energy": 0.0,
        "DRAM_energy": 1010055512.0640001,
        "Compute_energy": 11796.48
    },
    "ResAdd": {
        "latency": 0.0036986272499999998,
        "utilization": 0.017719006423261498,
        "cp_latency": 6.5536e-05,
        "total_energy": 3799446723305.4717,
        "NoC_energy": 0.0,
        "DRAM_energy": 3799446718513.152,
        "Compute_energy": 4792.32
    },
    "FFNup&SiLU": {
        "latency": 1.1113389487264707,
        "utilization": 0.9996632721723387,
        "cp_latency": 1.1109647299764707,
        "total_energy": 5965902968836.325,
        "NoC_energy": 20544855264.4608,
        "DRAM_energy": 5945215332384.768,
        "Compute_energy": 142781187.09657598
    },
    "FFNgate": {
        "latency": 1.1106311599264704,
        "utilization": 0.9996630575806782,
        "cp_latency": 1.1102569411764707,
        "total_energy": 4574635262528.717,
        "NoC_energy": 21166350453.964798,
        "DRAM_energy": 4553326221852.672,
        "Compute_energy": 142690222.07999998
    },
    "Hadamard": {
        "latency": 0.0021524288,
        "utilization": 0.09743188717787088,
        "cp_latency": 0.0001769472,
        "total_energy": 6416636051988.48,
        "NoC_energy": 0.0,
        "DRAM_energy": 6416636043067.393,
        "Compute_energy": 8921.087999999998
    },
    "FFNdown": {
        "latency": 1.1106256667624081,
        "utilization": 0.9996680019227249,
        "cp_latency": 1.1102569411764707,
        "total_energy": 1310417084680.7654,
        "NoC_energy": 44349896723.00544,
        "DRAM_energy": 1266006035005.44,
        "Compute_energy": 61152952.31999999
    },
    "ResAdd2": {
        "latency": 0.0036986272499999998,
        "utilization": 0.017719006423261498,
        "cp_latency": 6.5536e-05,
        "total_energy": 3799446723305.4717,
        "NoC_energy": 0.0,
        "DRAM_energy": 3799446718513.152,
        "Compute_energy": 4792.32
    },
    "TotalLayer": {
        "latency": 0.2007282162017943,
        "total_energy": 32532290744698.656,
        "NoC_energy": 130459798045.9827,
        "DRAM_energy": 32401295155396.61,
        "Compute_energy": 535791256.0680959,
        "utilization": 99.3864493752581,
        "cp_latency": 0.19949664697725492
    }
}