{
    "RMSNorm": {
        "latency": 0.004180554677777778,
        "utilization": 0.012541110938864487,
        "cp_latency": 0.00041943039999999996
    },
    "QKV_fusion": {
        "latency": 0.01910253843060662,
        "utilization": 0.5171348442082634,
        "cp_latency": 0.009878588235294118
    },
    "Flashatten": {
        "latency": 0.020512670961430602,
        "utilization": 0.37564870109933063,
        "cp_latency": 0.006585725490196079
    },
    "Linear": {
        "latency": 0.010232632727396515,
        "utilization": 0.3218001498560421,
        "cp_latency": 0.0032928627450980394
    },
    "RMSNorm2": {
        "latency": 0.004180554677777778,
        "utilization": 0.012541110938864487,
        "cp_latency": 0.00041943039999999996
    },
    "ResAdd": {
        "latency": 0.0013217340721354168,
        "utilization": 0.0005955812266594489,
        "cp_latency": 7.679999999999999e-07
    },
    "FFNup&SiLU": {
        "latency": 0.01680655113026961,
        "utilization": 0.5270340880983304,
        "cp_latency": 0.008857625349019608
    },
    "FFNgate": {
        "latency": 0.016799498330269606,
        "utilization": 0.526835526574773,
        "cp_latency": 0.008850572549019607
    },
    "Hadamard": {
        "latency": 0.0016760844624999999,
        "utilization": 0.0019932169736941287,
        "cp_latency": 2.2272000000000005e-06
    },
    "FFNdown": {
        "latency": 0.014617491494332106,
        "utilization": 0.6054782075605375,
        "cp_latency": 0.008850572549019607
    },
    "ResAdd2": {
        "latency": 0.0013217340721354168,
        "utilization": 0.0005955812266594489,
        "cp_latency": 7.679999999999999e-07
    },
    "TotalLayer": {
        "latency": 0.0036377294437092123,
        "utilization": 42.63906332314925,
        "cp_latency": 1.551093761028016
    }
}