{
    "RMSNorm": {
        "latency": 0.0337194304,
        "utilization": 0.012438834079474843,
        "cp_latency": 0.0001048576,
        "total_energy": 6352258990.079999,
        "NoC_energy": 0.0,
        "DRAM_energy": 6352256630.783999,
        "Compute_energy": 2359.296
    },
    "QKV_fusion": {
        "latency": 0.06230716703431373,
        "utilization": 0.09899493768108848,
        "cp_latency": 0.006168094117647059,
        "total_energy": 541675250673.25446,
        "NoC_energy": 701965428.3264,
        "DRAM_energy": 540972605767.68005,
        "Compute_energy": 679477.2480000001
    },
    "Flashatten": {
        "latency": 0.00038342020398250047,
        "utilization": 0,
        "cp_latency": 1.6062745098039216e-05,
        "total_energy": 0,
        "NoC_energy": 0,
        "DRAM_energy": 0,
        "Compute_energy": 0
    },
    "Linear": {
        "latency": 0.03028329178921569,
        "utilization": 0.06789325899112465,
        "cp_latency": 0.0020560313725490197,
        "total_energy": 123366344648.29442,
        "NoC_energy": 701965428.3264,
        "DRAM_energy": 122664265973.76003,
        "Compute_energy": 113246.20800000001
    },
    "RMSNorm2": {
        "latency": 0.0337194304,
        "utilization": 0.012438834079474843,
        "cp_latency": 0.0001048576,
        "total_energy": 6352258990.079999,
        "NoC_energy": 0.0,
        "DRAM_energy": 6352256630.783999,
        "Compute_energy": 2359.296
    },
    "ResAdd": {
        "latency": 0.00286643185,
        "utilization": 0.00014289542589334542,
        "cp_latency": 4.096e-07,
        "total_energy": 29601451486.464,
        "NoC_energy": 0.0,
        "DRAM_energy": 29601451474.944,
        "Compute_energy": 11.52
    },
    "FFNup&SiLU": {
        "latency": 0.07831910465686275,
        "utilization": 0.10509158814132157,
        "cp_latency": 0.00823067909019608,
        "total_energy": 530027299907.9608,
        "NoC_energy": 701965428.3264,
        "DRAM_energy": 529324654460.928,
        "Compute_energy": 680018.7064319999
    },
    "FFNgate": {
        "latency": 0.07831910465686275,
        "utilization": 0.10500790996306973,
        "cp_latency": 0.008224125490196079,
        "total_energy": 544097612228.19836,
        "NoC_energy": 701965428.3264,
        "DRAM_energy": 543394967322.62396,
        "Compute_energy": 679477.2480000001
    },
    "Hadamard": {
        "latency": 0.1927194304,
        "utilization": 0.002176378371031134,
        "cp_latency": 1.6384e-06,
        "total_energy": 33024005898.239998,
        "NoC_energy": 0.0,
        "DRAM_energy": 33024003538.943996,
        "Compute_energy": 2359.296
    },
    "FFNdown": {
        "latency": 0.08171267732843136,
        "utilization": 0.10064687339934401,
        "cp_latency": 0.008224125490196079,
        "total_energy": 232441898650.82883,
        "NoC_energy": 1427888721.1008,
        "DRAM_energy": 231013405949.95203,
        "Compute_energy": 603979.7760000001
    },
    "ResAdd2": {
        "latency": 0.00286643185,
        "utilization": 0.00014289542589334542,
        "cp_latency": 4.096e-07,
        "total_energy": 29601451486.464,
        "NoC_energy": 0.0,
        "DRAM_energy": 29601451474.944,
        "Compute_energy": 11.52
    },
    "TotalLayer": {
        "latency": 0.0191109094582294,
        "total_energy": 2076539832959.865,
        "NoC_energy": 4235750434.4064,
        "DRAM_energy": 2072301319225.3445,
        "Compute_energy": 2763300.1144320006,
        "utilization": 5.547623558708762,
        "cp_latency": 0.0010602013153882353
    }
}