{
    "RMSNorm": {
        "latency": 0.006615536,
        "utilization": 0.009906377956374208,
        "cp_latency": 3.2768e-05,
        "total_energy": 1166083989.504,
        "NoC_energy": 0.0,
        "DRAM_energy": 1166083620.8639998,
        "Compute_energy": 368.64
    },
    "QKV_fusion": {
        "latency": 0.08959604702818628,
        "utilization": 0.013445971360476976,
        "cp_latency": 0.001204705882352941,
        "total_energy": 823547845518.9506,
        "NoC_energy": 704960161.3824,
        "DRAM_energy": 822842719469.5681,
        "Compute_energy": 165888.00000000003
    },
    "Flashatten": {
        "latency": 7.728667821441019e-05,
        "utilization": 0,
        "cp_latency": 3.1372549019607843e-07,
        "total_energy": 0,
        "NoC_energy": 0,
        "DRAM_energy": 0,
        "Compute_energy": 0
    },
    "Linear": {
        "latency": 0.039583144148284316,
        "utilization": 0.010144940127713071,
        "cp_latency": 0.0004015686274509804,
        "total_energy": 192805995587.17435,
        "NoC_energy": 704960161.3824,
        "DRAM_energy": 192101002248.19196,
        "Compute_energy": 33177.59999999999
    },
    "RMSNorm2": {
        "latency": 0.006615536,
        "utilization": 0.009906377956374208,
        "cp_latency": 3.2768e-05,
        "total_energy": 1166083989.504,
        "NoC_energy": 0.0,
        "DRAM_energy": 1166083620.8639998,
        "Compute_energy": 368.64
    },
    "ResAdd": {
        "latency": 0.00346025710625,
        "utilization": 1.8495735442433354e-05,
        "cp_latency": 1.28e-07,
        "total_energy": 8769283031.76,
        "NoC_energy": 0.0,
        "DRAM_energy": 8769283031.04,
        "Compute_energy": 0.72
    },
    "FFNup&SiLU": {
        "latency": 0.11460249846813726,
        "utilization": 0.014024986638932624,
        "cp_latency": 0.0016072985098039216,
        "total_energy": 826723985006.3462,
        "NoC_energy": 704960161.3824,
        "DRAM_energy": 826018847784.96,
        "Compute_energy": 177060.00383999993
    },
    "FFNgate": {
        "latency": 0.11460249846813726,
        "utilization": 0.014016051406161195,
        "cp_latency": 0.0016062745098039215,
        "total_energy": 892275923248.7424,
        "NoC_energy": 704960161.3824,
        "DRAM_energy": 891570786140.16,
        "Compute_energy": 176947.19999999998
    },
    "Hadamard": {
        "latency": 0.030365536,
        "utilization": 0.002158236232023041,
        "cp_latency": 2.56e-07,
        "total_energy": 5192615829.504,
        "NoC_energy": 0.0,
        "DRAM_energy": 5192615460.863999,
        "Compute_energy": 368.64
    },
    "FFNdown": {
        "latency": 0.11881140548406864,
        "utilization": 0.01351953125425577,
        "cp_latency": 0.0016062745098039215,
        "total_energy": 341652935068.87683,
        "NoC_energy": 1439867653.3248,
        "DRAM_energy": 340212949450.752,
        "Compute_energy": 117964.79999999996
    },
    "ResAdd2": {
        "latency": 0.00346025710625,
        "utilization": 1.8495735442433354e-05,
        "cp_latency": 1.28e-07,
        "total_energy": 8769283031.76,
        "NoC_energy": 0.0,
        "DRAM_energy": 8769283031.04,
        "Compute_energy": 0.72
    },
    "TotalLayer": {
        "latency": 0.021111600099501124,
        "total_energy": 3102070034302.122,
        "NoC_energy": 4259708298.8544,
        "DRAM_energy": 3097809653858.3037,
        "Compute_energy": 672144.9638399999,
        "utilization": 1.230126325642044,
        "cp_latency": 0.00025969935058823537
    }
}