{
    "RMSNorm": {
        "latency": 0.00034965189999999996,
        "utilization": 0.07497285157037614,
        "cp_latency": 2.62144e-05,
        "total_energy": 42681384.96,
        "NoC_energy": 0.0,
        "DRAM_energy": 42681237.504,
        "Compute_energy": 147.456
    },
    "QKV_fusion": {
        "latency": 0.056426870938010625,
        "utilization": 0.8744903291799679,
        "cp_latency": 0.049344752941176476,
        "total_energy": 721628306016.8296,
        "NoC_energy": 132134668.86143997,
        "DRAM_energy": 721490282545.1521,
        "Compute_energy": 5888802.8160000015
    },
    "Flashatten": {
        "latency": 3.348753650390126e-05,
        "utilization": 0,
        "cp_latency": 8.031372549019608e-06,
        "total_energy": 0,
        "NoC_energy": 0,
        "DRAM_energy": 0,
        "Compute_energy": 0
    },
    "Linear": {
        "latency": 0.019599093160232842,
        "utilization": 0.8392353077726147,
        "cp_latency": 0.016448250980392157,
        "total_energy": 173330724793.8765,
        "NoC_energy": 44044889.62048,
        "DRAM_energy": 173285622939.648,
        "Compute_energy": 1056964.608
    },
    "RMSNorm2": {
        "latency": 0.00034965189999999996,
        "utilization": 0.07497285157037614,
        "cp_latency": 2.62144e-05,
        "total_energy": 42681384.96,
        "NoC_energy": 0.0,
        "DRAM_energy": 42681237.504,
        "Compute_energy": 147.456
    },
    "ResAdd": {
        "latency": 0.0039041307203124998,
        "utilization": 0.0008393161588958563,
        "cp_latency": 3.2768e-06,
        "total_energy": 171534383708.15997,
        "NoC_energy": 0.0,
        "DRAM_energy": 171534383579.136,
        "Compute_energy": 129.024
    },
    "FFNup&SiLU": {
        "latency": 0.07484075982689951,
        "utilization": 0.8798071114438666,
        "cp_latency": 0.06584543272156863,
        "total_energy": 699779245504.7249,
        "NoC_energy": 176179558.48192,
        "DRAM_energy": 699598230257.6638,
        "Compute_energy": 4835688.5790719995
    },
    "FFNgate": {
        "latency": 0.07484075982689951,
        "utilization": 0.8791065733931939,
        "cp_latency": 0.06579300392156863,
        "total_energy": 716277955868.7542,
        "NoC_energy": 176179558.48192,
        "DRAM_energy": 716096944472.0642,
        "Compute_energy": 4831838.208000001
    },
    "Hadamard": {
        "latency": 0.0004199644000000001,
        "utilization": 0.06242052897817052,
        "cp_latency": 1.31072e-05,
        "total_energy": 54760980.48000001,
        "NoC_energy": 0.0,
        "DRAM_energy": 54760833.02400001,
        "Compute_energy": 147.456
    },
    "FFNdown": {
        "latency": 0.07502807672143078,
        "utilization": 0.8769117748526231,
        "cp_latency": 0.06579300392156863,
        "total_energy": 225352080708.07556,
        "NoC_energy": 185198989.80352,
        "DRAM_energy": 225163257839.61603,
        "Compute_energy": 3623878.6560000004
    },
    "ResAdd2": {
        "latency": 0.0039041307203124998,
        "utilization": 0.0008393161588958563,
        "cp_latency": 3.2768e-06,
        "total_energy": 171534383708.15997,
        "NoC_energy": 0.0,
        "DRAM_energy": 171534383579.136,
        "Compute_energy": 129.024
    },
    "TotalLayer": {
        "latency": 0.009910290484819268,
        "total_energy": 2879577204058.9805,
        "NoC_energy": 713737665.24928,
        "DRAM_energy": 2878843228520.448,
        "Compute_energy": 20237873.283072002,
        "utilization": 85.02017279502591,
        "cp_latency": 0.008425746094682355
    }
}