{
    "RMSNorm": {
        "latency": 0.0018262144000000002,
        "utilization": 0.014354502954308103,
        "cp_latency": 2.62144e-05,
        "total_energy": 296352890.88,
        "NoC_energy": 0.0,
        "DRAM_energy": 296352743.424,
        "Compute_energy": 147.456
    },
    "QKV_fusion": {
        "latency": 0.05527798533496733,
        "utilization": 0.013947899150697909,
        "cp_latency": 0.0007710117647058823,
        "total_energy": 545393933088.1946,
        "NoC_energy": 349606311.36256003,
        "DRAM_energy": 545044234764.288,
        "Compute_energy": 92012.54400000002
    },
    "Flashatten": {
        "latency": 3.97531804381248e-05,
        "utilization": 0,
        "cp_latency": 1.2549019607843138e-07,
        "total_energy": 0,
        "NoC_energy": 0,
        "DRAM_energy": 0,
        "Compute_energy": 0
    },
    "Linear": {
        "latency": 0.02326615714869281,
        "utilization": 0.01104625572354423,
        "cp_latency": 0.00025700392156862746,
        "total_energy": 128335353279.93857,
        "NoC_energy": 349606311.36256003,
        "DRAM_energy": 127985730453.504,
        "Compute_energy": 16515.072
    },
    "RMSNorm2": {
        "latency": 0.0018262144000000002,
        "utilization": 0.014354502954308103,
        "cp_latency": 2.62144e-05,
        "total_energy": 296352890.88,
        "NoC_energy": 0.0,
        "DRAM_energy": 296352743.424,
        "Compute_energy": 147.456
    },
    "ResAdd": {
        "latency": 0.002804153590625,
        "utilization": 1.8258628974951533e-05,
        "cp_latency": 1.024e-07,
        "total_energy": 5981614375.488001,
        "NoC_energy": 0.0,
        "DRAM_energy": 5981614374.912001,
        "Compute_energy": 0.576
    },
    "FFNup&SiLU": {
        "latency": 0.07128389942810458,
        "utilization": 0.014432920961516294,
        "cp_latency": 0.00102883488627451,
        "total_energy": 515578263109.15686,
        "NoC_energy": 349606311.36256003,
        "DRAM_energy": 515228571795.456,
        "Compute_energy": 85002.33830399999
    },
    "FFNgate": {
        "latency": 0.07128389942810458,
        "utilization": 0.01442142888537326,
        "cp_latency": 0.0010280156862745098,
        "total_energy": 548885734421.9546,
        "NoC_energy": 349606311.36256003,
        "DRAM_energy": 548536043175.93604,
        "Compute_energy": 84934.65600000002
    },
    "Hadamard": {
        "latency": 0.0063262144,
        "utilization": 0.004143773565435911,
        "cp_latency": 2.048e-07,
        "total_energy": 1069447004.1599997,
        "NoC_energy": 0.0,
        "DRAM_energy": 1069446856.7039998,
        "Compute_energy": 147.456
    },
    "FFNdown": {
        "latency": 0.07307840804738562,
        "utilization": 0.014067297218734188,
        "cp_latency": 0.0010280156862745098,
        "total_energy": 234043908366.00833,
        "NoC_energy": 711144578.74432,
        "DRAM_energy": 233332688289.79202,
        "Compute_energy": 75497.47200000001
    },
    "ResAdd2": {
        "latency": 0.002804153590625,
        "utilization": 1.8258628974951533e-05,
        "cp_latency": 1.024e-07,
        "total_energy": 5981614375.488001,
        "NoC_energy": 0.0,
        "DRAM_energy": 5981614374.912001,
        "Compute_energy": 0.576
    },
    "TotalLayer": {
        "latency": 0.009914145694366178,
        "total_energy": 1985862573802.149,
        "NoC_energy": 2109569824.19456,
        "DRAM_energy": 1983752649572.3523,
        "Compute_energy": 354405.60230400006,
        "utilization": 1.3446147639848078,
        "cp_latency": 0.00013330706672941178
    }
}