{
    "RMSNorm": {
        "latency": 0.0004619101125,
        "utilization": 0.25538475302378233,
        "cp_latency": 0.0001179648,
        "total_energy": 46582603.776,
        "NoC_energy": 0.0,
        "DRAM_energy": 46581940.224,
        "Compute_energy": 663.5519999999999
    },
    "QKV_fusion": {
        "latency": 0.999583989063218,
        "utilization": 0.999647111190001,
        "cp_latency": 0.9992312470588235,
        "total_energy": 1609715473711.1042,
        "NoC_energy": 0.0,
        "DRAM_energy": 1609678781939.7122,
        "Compute_energy": 36691771.392
    },
    "Flashatten": {
        "latency": 0.0003617317163570263,
        "utilization": 0.014108885698922843,
        "cp_latency": 0.00014456470588235294,
        "total_energy": 22337595708.6505,
        "NoC_energy": 0.0,
        "DRAM_energy": 22337588035.584003,
        "Compute_energy": 7673.066496
    },
    "Linear": {
        "latency": 0.33342982435733576,
        "utilization": 0.9989420802261032,
        "cp_latency": 0.3330770823529412,
        "total_energy": 536618263904.25604,
        "NoC_energy": 0.0,
        "DRAM_energy": 536606033313.79205,
        "Compute_energy": 12230590.464
    },
    "RMSNorm2": {
        "latency": 0.0004619101125,
        "utilization": 0.25538475302378233,
        "cp_latency": 0.0001179648,
        "total_energy": 46582603.776,
        "NoC_energy": 0.0,
        "DRAM_energy": 46581940.224,
        "Compute_energy": 663.5519999999999
    },
    "ResAdd": {
        "latency": 0.02929899156015625,
        "utilization": 0.001006560240800408,
        "cp_latency": 2.9491199999999996e-05,
        "total_energy": 2169172077705.2166,
        "NoC_energy": 0.0,
        "DRAM_energy": 2169172075216.8965,
        "Compute_energy": 2488.3199999999993
    },
    "FFNup&SiLU": {
        "latency": 1.3331329306161592,
        "utilization": 0.9997354037273452,
        "cp_latency": 1.3327801886117647,
        "total_energy": 2146255036244.5576,
        "NoC_energy": 0.0,
        "DRAM_energy": 2146206096556.0317,
        "Compute_energy": 48939688.525823995
    },
    "FFNgate": {
        "latency": 1.3326610714161593,
        "utilization": 0.9997353100409696,
        "cp_latency": 1.3323083294117648,
        "total_energy": 2146264078614.5278,
        "NoC_energy": 0.0,
        "DRAM_energy": 2146215156252.6719,
        "Compute_energy": 48922361.856
    },
    "Hadamard": {
        "latency": 0.0005996074,
        "utilization": 0.1967367314012469,
        "cp_latency": 0.00011796479999999999,
        "total_energy": 188443017.216,
        "NoC_energy": 0.0,
        "DRAM_energy": 188441690.112,
        "Compute_energy": 1327.1039999999998
    },
    "FFNdown": {
        "latency": 1.3326796795094211,
        "utilization": 0.999721350821682,
        "cp_latency": 1.3323083294117648,
        "total_energy": 1985718402416.6394,
        "NoC_energy": 0.0,
        "DRAM_energy": 1985510482378.7515,
        "Compute_energy": 207920037.88799992
    },
    "ResAdd2": {
        "latency": 0.02929899156015625,
        "utilization": 0.001006560240800408,
        "cp_latency": 2.9491199999999996e-05,
        "total_energy": 2169172077705.2166,
        "NoC_energy": 0.0,
        "DRAM_energy": 2169172075216.8965,
        "Compute_energy": 2488.3199999999993
    },
    "TotalLayer": {
        "latency": 0.3450861207951336,
        "total_energy": 12785534614234.938,
        "NoC_energy": 0.0,
        "DRAM_energy": 12785179894480.896,
        "Compute_energy": 354719754.0403199,
        "utilization": 98.85555721237193,
        "cp_latency": 0.34113680757458825
    }
}