{
    "RMSNorm": {
        "latency": 0.0021544858000000005,
        "utilization": 0.3893554554873371,
        "cp_latency": 0.0002097152,
        "total_energy": 233946218.49600002,
        "NoC_energy": 0.0,
        "DRAM_energy": 233941499.904,
        "Compute_energy": 4718.592
    },
    "QKV_fusion": {
        "latency": 0.7898697579963235,
        "utilization": 0.9995521908087768,
        "cp_latency": 0.7895160470588235,
        "total_energy": 4426515852149.392,
        "NoC_energy": 8745240609.423359,
        "DRAM_energy": 4417698133966.848,
        "Compute_energy": 72477573.12
    },
    "Flashatten": {
        "latency": 0.006399656256988337,
        "utilization": 0.6022346720630989,
        "cp_latency": 0.004112062745098039,
        "total_energy": 164373207345.11923,
        "NoC_energy": 418997682.044928,
        "DRAM_energy": 163953934073.85602,
        "Compute_energy": 275589.218304
    },
    "Linear": {
        "latency": 0.26351901275658707,
        "utilization": 0.9986832180847874,
        "cp_latency": 0.2631720156862745,
        "total_energy": 1167474481598.3,
        "NoC_energy": 8456618807.132158,
        "DRAM_energy": 1159003367276.544,
        "Compute_energy": 14495514.624000002
    },
    "RMSNorm2": {
        "latency": 0.0021544858000000005,
        "utilization": 0.3893554554873371,
        "cp_latency": 0.0002097152,
        "total_energy": 233946218.49600002,
        "NoC_energy": 0.0,
        "DRAM_energy": 233941499.904,
        "Compute_energy": 4718.592
    },
    "ResAdd": {
        "latency": 0.0029360893,
        "utilization": 0.017856677588110145,
        "cp_latency": 5.24288e-05,
        "total_energy": 2509080167940.096,
        "NoC_energy": 0.0,
        "DRAM_energy": 2509080165875.7124,
        "Compute_energy": 2064.384
    },
    "FFNup&SiLU": {
        "latency": 0.7081869247060815,
        "utilization": 0.999507865879671,
        "cp_latency": 0.7078384017568627,
        "total_energy": 3278854823539.1147,
        "NoC_energy": 8348385631.272959,
        "DRAM_energy": 3270454454255.6167,
        "Compute_energy": 51983652.22502399
    },
    "FFNgate": {
        "latency": 0.7076233151060815,
        "utilization": 0.9995074739034475,
        "cp_latency": 0.7072747921568627,
        "total_energy": 3107994580927.119,
        "NoC_energy": 8700143452.81536,
        "DRAM_energy": 3099242495213.568,
        "Compute_energy": 51942260.735999994
    },
    "Hadamard": {
        "latency": 0.0011391318500000001,
        "utilization": 0.12369279289311418,
        "cp_latency": 0.00014090240000000001,
        "total_energy": 3405224290842.6245,
        "NoC_energy": 0.0,
        "DRAM_energy": 3405224286879.7446,
        "Compute_energy": 3962.88
    },
    "FFNdown": {
        "latency": 0.7076217892271752,
        "utilization": 0.9995096291894976,
        "cp_latency": 0.7072747921568627,
        "total_energy": 1474840606990.6638,
        "NoC_energy": 22727163044.16768,
        "DRAM_energy": 1452074487250.944,
        "Compute_energy": 38956695.55199999
    },
    "ResAdd2": {
        "latency": 0.0029360893,
        "utilization": 0.017856677588110145,
        "cp_latency": 5.24288e-05,
        "total_energy": 2509080167940.096,
        "NoC_energy": 0.0,
        "DRAM_energy": 2509080165875.7124,
        "Compute_energy": 2064.384
    },
    "TotalLayer": {
        "latency": 0.10222530361917559,
        "total_energy": 22043906071709.52,
        "NoC_energy": 57396549226.856445,
        "DRAM_energy": 21986279373668.355,
        "Compute_energy": 230148814.30732796,
        "utilization": 99.54023324970362,
        "cp_latency": 0.1017553056627451
    }
}