{
    "RMSNorm": {
        "latency": 0.08302215200000002,
        "utilization": 0.025260149845308753,
        "cp_latency": 0.000262144,
        "total_energy": 15581079404.544,
        "NoC_energy": 0.0,
        "DRAM_energy": 15581067608.064001,
        "Compute_energy": 11796.48
    },
    "QKV_fusion": {
        "latency": 0.08544976608455884,
        "utilization": 0.9022982742198608,
        "cp_latency": 0.07710117647058823,
        "total_energy": 778954138556.8256,
        "NoC_energy": 3443860806.0416,
        "DRAM_energy": 775500368707.584,
        "Compute_energy": 9909043.200000001
    },
    "Flashatten": {
        "latency": 0.0012510687175188362,
        "utilization": 0,
        "cp_latency": 0.0006425098039215686,
        "total_energy": 0,
        "NoC_energy": 0,
        "DRAM_energy": 0,
        "Compute_energy": 0
    },
    "Linear": {
        "latency": 0.032954980851715686,
        "utilization": 0.7798636652985567,
        "cp_latency": 0.025700392156862744,
        "total_energy": 193961885790.37183,
        "NoC_energy": 1382018805.92384,
        "DRAM_energy": 192577743618.048,
        "Compute_energy": 2123366.3999999994
    },
    "RMSNorm2": {
        "latency": 0.08302215200000002,
        "utilization": 0.025260149845308753,
        "cp_latency": 0.000262144,
        "total_energy": 15581079404.544,
        "NoC_energy": 0.0,
        "DRAM_energy": 15581067608.064001,
        "Compute_energy": 11796.48
    },
    "ResAdd": {
        "latency": 0.00369478725,
        "utilization": 0.0011085888639460906,
        "cp_latency": 4.096e-06,
        "total_energy": 282891242499.07196,
        "NoC_energy": 0.0,
        "DRAM_energy": 282891242176.51196,
        "Compute_energy": 322.56
    },
    "FFNup&SiLU": {
        "latency": 0.1103696292892157,
        "utilization": 0.9320236489867616,
        "cp_latency": 0.10286710462745098,
        "total_energy": 812821895024.4761,
        "NoC_energy": 5505702806.15936,
        "DRAM_energy": 807306749018.1119,
        "Compute_energy": 9443200.204799997
    },
    "FFNgate": {
        "latency": 0.1103696292892157,
        "utilization": 0.93142986244945,
        "cp_latency": 0.10280156862745098,
        "total_energy": 791922578145.9353,
        "NoC_energy": 5505702806.15936,
        "DRAM_energy": 786407438155.776,
        "Compute_energy": 9437183.999999998
    },
    "Hadamard": {
        "latency": 0.0024532767999999997,
        "utilization": 0.006678414763470638,
        "cp_latency": 1.6384e-05,
        "total_energy": 619312812822.5281,
        "NoC_energy": 0.0,
        "DRAM_energy": 619312809246.7201,
        "Compute_energy": 3575.808
    },
    "FFNdown": {
        "latency": 0.1122299808517157,
        "utilization": 0.9159902536495835,
        "cp_latency": 0.10280156862745098,
        "total_energy": 206501829788.3034,
        "NoC_energy": 5528075223.69536,
        "DRAM_energy": 200969035972.60803,
        "Compute_energy": 4718591.999999999
    },
    "ResAdd2": {
        "latency": 0.00369478725,
        "utilization": 0.0011085888639460906,
        "cp_latency": 4.096e-06,
        "total_energy": 282891242499.07196,
        "NoC_energy": 0.0,
        "DRAM_energy": 282891242176.51196,
        "Compute_energy": 322.56
    },
    "TotalLayer": {
        "latency": 0.025140488415357622,
        "total_energy": 4000419783935.672,
        "NoC_energy": 21365360447.979523,
        "DRAM_energy": 3979018764288.0,
        "Compute_energy": 35659199.6928,
        "utilization": 65.62532557032795,
        "cp_latency": 0.016498527372549022
    }
}