{
    "RMSNorm": {
        "latency": 0.0066583783515625,
        "utilization": 0.03937054732530835,
        "cp_latency": 0.001048576,
        "total_energy": 2242603548.672,
        "NoC_energy": 0.0,
        "DRAM_energy": 2242602074.112,
        "Compute_energy": 1474.56
    },
    "QKV_fusion": {
        "latency": 1.2345360110294117,
        "utilization": 0.9992570589340402,
        "cp_latency": 1.2336188235294117,
        "total_energy": 4962234431805.851,
        "NoC_energy": 55877350037.913605,
        "DRAM_energy": 4906209861697.536,
        "Compute_energy": 147220070.4
    },
    "Flashatten": {
        "latency": 0.1650094822039216,
        "utilization": 0.9976162557766596,
        "cp_latency": 0.1646161418039216,
        "total_energy": 269375396055.5213,
        "NoC_energy": 177375685399.01953,
        "DRAM_energy": 91998199480.32,
        "Compute_energy": 1511176.1817600003
    },
    "Linear": {
        "latency": 0.4120140870098039,
        "utilization": 0.9980393570863979,
        "cp_latency": 0.4112062745098039,
        "total_energy": 1416299638360.6375,
        "NoC_energy": 22052641114.68544,
        "DRAM_energy": 1394197923889.1519,
        "Compute_energy": 49073356.8
    },
    "RMSNorm2": {
        "latency": 0.0066583783515625,
        "utilization": 0.03937054732530835,
        "cp_latency": 0.001048576,
        "total_energy": 2242603548.672,
        "NoC_energy": 0.0,
        "DRAM_energy": 2242602074.112,
        "Compute_energy": 1474.56
    },
    "ResAdd": {
        "latency": 0.008679096,
        "utilization": 0.007551016834011284,
        "cp_latency": 6.5536e-05,
        "total_energy": 3814794254573.568,
        "NoC_energy": 0.0,
        "DRAM_energy": 3814794247274.496,
        "Compute_energy": 7299.072
    },
    "FFNup&SiLU": {
        "latency": 1.6467400802892158,
        "utilization": 0.9994738658150302,
        "cp_latency": 1.6458736740392157,
        "total_energy": 7367595968042.106,
        "NoC_energy": 88031585118.45375,
        "DRAM_energy": 7279428400840.703,
        "Compute_energy": 135982082.94911996
    },
    "FFNgate": {
        "latency": 1.6456915042892157,
        "utilization": 0.9994735305810707,
        "cp_latency": 1.6448250980392156,
        "total_energy": 5654002982988.022,
        "NoC_energy": 88031585118.45375,
        "DRAM_energy": 5565775104442.368,
        "Compute_energy": 196293427.2
    },
    "Hadamard": {
        "latency": 0.024213107200000004,
        "utilization": 0.010826532829293382,
        "cp_latency": 0.000262144,
        "total_energy": 15060478947753.988,
        "NoC_energy": 0.0,
        "DRAM_energy": 15060478917083.14,
        "Compute_energy": 30670.848
    },
    "FFNdown": {
        "latency": 1.6456329105392156,
        "utilization": 0.9995091174375363,
        "cp_latency": 1.6448250980392156,
        "total_energy": 1937575096625.398,
        "NoC_energy": 88210564458.74176,
        "DRAM_energy": 1849138039750.6562,
        "Compute_energy": 226492416.0
    },
    "ResAdd2": {
        "latency": 0.008679096,
        "utilization": 0.007551016834011284,
        "cp_latency": 6.5536e-05,
        "total_energy": 3814794254573.568,
        "NoC_energy": 0.0,
        "DRAM_energy": 3814794247274.496,
        "Compute_energy": 7299.072
    },
    "TotalLayer": {
        "latency": 0.2721804852505563,
        "total_energy": 44301636177876.01,
        "NoC_energy": 519579411247.2678,
        "DRAM_energy": 43781300145881.09,
        "Compute_energy": 756620747.64288,
        "utilization": 99.16148796265682,
        "cp_latency": 0.26989821911843137
    }
}