{
    "RMSNorm": {
        "latency": 0.1649054432,
        "utilization": 0.020347680069786805,
        "cp_latency": 0.0004194304
    },
    "QKV_fusion": {
        "latency": 0.44164438841346276,
        "utilization": 0.7945216335150795,
        "cp_latency": 0.3508960209150327
    },
    "Flashatten": {
        "latency": 2.383375333480745,
        "utilization": 0,
        "cp_latency": 1.8364929115468411
    },
    "Linear": {
        "latency": 0.15174747461097132,
        "utilization": 0.7707893696739935,
        "cp_latency": 0.1169653403050109
    },
    "RMSNorm2": {
        "latency": 0.1649054432,
        "utilization": 0.020347680069786805,
        "cp_latency": 0.0004194304
    },
    "ResAdd": {
        "latency": 0.0092722846,
        "utilization": 0.0012810650786107235,
        "cp_latency": 1.2288e-05
    },
    "FFNup&SiLU": {
        "latency": 0.5140597129146648,
        "utilization": 0.7966813827282849,
        "cp_latency": 0.40954180288976033
    },
    "FFNgate": {
        "latency": 0.5140597129146648,
        "utilization": 0.7963640814145962,
        "cp_latency": 0.4093786910675381
    },
    "Hadamard": {
        "latency": 0.006474484400000001,
        "utilization": 0.007085537189648644,
        "cp_latency": 4.096e-05
    },
    "FFNdown": {
        "latency": 0.5171900534908368,
        "utilization": 0.791544014244642,
        "cp_latency": 0.4093786910675381
    },
    "ResAdd2": {
        "latency": 0.0092722846,
        "utilization": 0.0012810650786107235,
        "cp_latency": 1.2288e-05
    },
    "TotalLayer": {
        "latency": 0.4061342444953284,
        "utilization": 72.28091315019168,
        "cp_latency": 293.55754053685547
    }
}