{
    "RMSNorm": {
        "latency": 0.006678649503125,
        "utilization": 0.06280167866329035,
        "cp_latency": 0.0004194304
    },
    "QKV_fusion": {
        "latency": 1.4044388932304432,
        "utilization": 0.999391351539442,
        "cp_latency": 1.4035840836601308
    },
    "Flashatten": {
        "latency": 0.12415143327941176,
        "utilization": 0.9971149414828432,
        "cp_latency": 0.12379324912941177
    },
    "Linear": {
        "latency": 0.46846897840754365,
        "utilization": 0.9987029724154513,
        "cp_latency": 0.4678613612200437
    },
    "RMSNorm2": {
        "latency": 0.006678649503125,
        "utilization": 0.06280167866329035,
        "cp_latency": 0.0004194304
    },
    "ResAdd": {
        "latency": 0.0092065536,
        "utilization": 0.010677611218165286,
        "cp_latency": 9.338880000000001e-05
    },
    "FFNup&SiLU": {
        "latency": 1.873894864541329,
        "utilization": 0.9994887058018059,
        "cp_latency": 1.8729367529690633
    },
    "FFNgate": {
        "latency": 1.87240355645244,
        "utilization": 0.9994882985727281,
        "cp_latency": 1.8714454448801743
    },
    "Hadamard": {
        "latency": 0.0229762144,
        "utilization": 0.01711404642881466,
        "cp_latency": 0.00037355520000000004
    },
    "FFNdown": {
        "latency": 1.8720333782297838,
        "utilization": 0.9996859386395314,
        "cp_latency": 1.8714454448801743
    },
    "ResAdd2": {
        "latency": 0.0092065536,
        "utilization": 0.010677611218165286,
        "cp_latency": 9.338880000000001e-05
    },
    "TotalLayer": {
        "latency": 0.24544440719191044,
        "utilization": 99.24809440875973,
        "cp_latency": 0.24359889697084794
    }
}