{
    "RMSNorm": {
        "latency": 0.0218054679515625,
        "utilization": 0.07213163246456696,
        "cp_latency": 0.0016777216
    },
    "QKV_fusion": {
        "latency": 5.615272168380757,
        "utilization": 0.9998333413390887,
        "cp_latency": 5.614336334640523
    },
    "Flashatten": {
        "latency": 1.8767914808088235,
        "utilization": 0.9998091508014277,
        "cp_latency": 1.876433296658824
    },
    "Linear": {
        "latency": 1.8722933879954087,
        "utilization": 0.9995471099130772,
        "cp_latency": 1.8714454448801743
    },
    "RMSNorm2": {
        "latency": 0.0218054679515625,
        "utilization": 0.07213163246456696,
        "cp_latency": 0.0016777216
    },
    "ResAdd": {
        "latency": 0.023113107200000003,
        "utilization": 0.016445594991226446,
        "cp_latency": 0.00037355520000000004
    },
    "FFNup&SiLU": {
        "latency": 7.492734115147737,
        "utilization": 0.9998682586014245,
        "cp_latency": 7.491747011876253
    },
    "FFNgate": {
        "latency": 7.486677558939643,
        "utilization": 0.9998803502071656,
        "cp_latency": 7.485781779520698
    },
    "Hadamard": {
        "latency": 0.08065242880000001,
        "utilization": 0.018851697619303436,
        "cp_latency": 0.0014942208000000002
    },
    "FFNdown": {
        "latency": 7.486629722635931,
        "utilization": 0.9998867390071836,
        "cp_latency": 7.485781779520697
    },
    "ResAdd2": {
        "latency": 0.023113107200000003,
        "utilization": 0.016445594991226446,
        "cp_latency": 0.00037355520000000004
    },
    "TotalLayer": {
        "latency": 1.0240284164163656,
        "utilization": 99.46949724818502,
        "cp_latency": 1.0185959174879093
    }
}