name,tag,iteration_start,iteration_end,batch_size,prompt_tasks_in_batch,memory,pending_requests,pending_tasks,blocked_tasks,pending_prompts,earliest_request_id,memory_allocs_size,num_contiguous_iterations,batch_tokens,pending_tokens
None_14,prompt,0.0,1.0795987435521668,1,1,137587361280,2,1,0,1,15606,2,1,0,1313
None_14,prompt,1.0795987435521668,2.5384436897078153,1,1,138444572160.0,1,0,0,0,15610,2,1,0,0
None_14,prompt,3.3999999999999995,9.40979481564751,1,1,148746831360.0,2,1,0,1,15624,2,1,0,344
None_14,prompt,9.40979481564751,9.7840852691181,1,1,135904396800.0,1,0,0,0,15645,2,1,0,0
