name,tag,iteration_start,iteration_end,batch_size,prompt_tasks_in_batch,memory,pending_requests,pending_tasks,blocked_tasks,pending_prompts,earliest_request_id,memory_allocs_size,num_contiguous_iterations,batch_tokens,pending_tokens
None_15,prompt,0.29999999999999993,0.799416622508722,1,1,136205862400,1,0,0,0,15607,2,1,0,0
None_15,prompt,1.4000000000000004,8.207585620852674,1,1,150571353600.0,2,1,0,1,15615,2,1,0,1127
None_15,prompt,8.207585620852674,9.459770125283303,1,1,137956984320.0,2,1,0,1,15631,2,1,0,405
None_15,prompt,9.459770125283303,9.900431851026292,1,1,136064304640.0,2,1,0,1,15651,2,1,0,191
None_15,prompt,9.900431851026292,10.110929990231025,1,1,135503316480.0,1,0,0,0,15658,2,1,0,0
None_15,prompt,10.7,11.469734195453523,1,1,136845493760.0,1,0,0,0,15664,2,1,0,0
