name,tag,iteration_start,iteration_end,batch_size,prompt_tasks_in_batch,memory,pending_requests,pending_tasks,blocked_tasks,pending_prompts,earliest_request_id,memory_allocs_size,num_contiguous_iterations,batch_tokens,pending_tokens
None_19,token,3.882280115979248,4.485572524511444,1,0,135823132160.0,2,1,0,0,15626,3,2.0,0,1
None_19,token,4.485572524511444,7.208205158636621,2,0,136439170560.0,2,0,0,0,15626,3,9.0,0,0
None_19,token,7.208205158636616,9.322022826617264,1,0,136643642880.0,2,1,0,0,15629,3,7.0,0,1
None_19,token,9.322022826617257,9.928016817300561,2,0,138300392960.0,3,1,0,0,15629,4,2.0,0,1
None_19,token,9.92801681730056,10.842928341876805,3,0,139624220160.0,4,1,0,0,15629,5,3.0,0,1
None_19,token,10.842928341876803,11.149788084784369,4,0,140455216640.0,5,1,0,0,15629,6,1.0,0,1
