name,tag,iteration_start,iteration_end,batch_size,prompt_tasks_in_batch,memory,pending_requests,pending_tasks,blocked_tasks,pending_prompts,earliest_request_id,memory_allocs_size,num_contiguous_iterations,batch_tokens,pending_tokens
None_22,token,1.0808023568334164,1.3865032758141156,1,0,140822218240.0,2,1,0,0,15606,3,1.0,0,1
None_22,token,1.386503275814114,3.873931309924092,2,0,142256145920.0,3,1,0,0,15606,4,8.0,0,1
None_22,token,3.8739313099240924,6.378420983098905,3,0,143139571200.0,4,1,0,0,15606,5,8.0,0,1
None_22,token,6.378420983098902,6.692715930356106,4,0,143687452160.0,5,1,0,0,15606,6,1.0,0,1
None_22,token,6.692715930356105,7.322218837713332,5,0,144903800320.0,6,1,0,0,15606,7,2.0,0,1
None_22,token,7.322218837713333,7.95595906212512,6,0,148859553280.0,8,2,0,0,15606,9,2.0,0,2
