name,tag,iteration_start,iteration_end,batch_size,prompt_tasks_in_batch,memory,pending_requests,pending_tasks,blocked_tasks,pending_prompts,earliest_request_id,memory_allocs_size,num_contiguous_iterations,batch_tokens,pending_tokens
None_33,token,3.153138128324897,7.092555576188081,1,0,137427453440.0,2,1,0,0,15620,3,13.0,0,1
None_33,token,7.092555576188079,8.00750221708252,2,0,140961154560.0,3,1,0,0,15620,4,3.0,0,1
None_33,token,8.007502217082521,8.94022452084392,3,0,154574292480.0,4,1,0,0,15618,5,3.0,0,1
None_33,token,8.940224520843916,10.949489764793974,4,0,157796042240.0,5,1,0,0,15618,6,6.0,0,1
