{
    "RMSNorm": {
        "latency": 0.0417530391515625,
        "utilization": 0.018835323511308275,
        "cp_latency": 0.0016777216,
        "energy": 6784431685.632
    },
    "QKV_fusion": {
        "latency": 0.7030338142910029,
        "utilization": 0.9982336945454184,
        "cp_latency": 0.7017920418300654,
        "energy": 43201270414.049286
    },
    "Flashatten": {
        "latency": 0.4785600958470589,
        "utilization": 0.9988842249810758,
        "cp_latency": 0.4780261304470588,
        "energy": 654782441115.6805
    },
    "Linear": {
        "latency": 0.23512454047330308,
        "utilization": 0.994922436165625,
        "cp_latency": 0.2339306806100218,
        "energy": 17561177009.684483
    },
    "RMSNorm2": {
        "latency": 0.0417530391515625,
        "utilization": 0.018835323511308275,
        "cp_latency": 0.0016777216,
        "energy": 6784431685.632
    },
    "ResAdd": {
        "latency": 0.012328276800000001,
        "utilization": 0.0039869318962728025,
        "cp_latency": 4.9152e-05,
        "energy": 2435246456.8320003
    },
    "FFNup&SiLU": {
        "latency": 0.6303844658411697,
        "utilization": 0.9981046877653772,
        "cp_latency": 0.6291896904505447,
        "energy": 239649632829.83325
    },
    "FFNgate": {
        "latency": 0.6298834795300586,
        "utilization": 0.9981031803032581,
        "cp_latency": 0.6286887041394337,
        "energy": 42891329121.812485
    },
    "Hadamard": {
        "latency": 0.029706553600000005,
        "utilization": 0.004412225051915817,
        "cp_latency": 0.00012769280000000003,
        "energy": 6146098200.576001
    },
    "FFNdown": {
        "latency": 0.6298825640027148,
        "utilization": 0.9981046310351971,
        "cp_latency": 0.6286887041394336,
        "energy": 39436580657.5616
    },
    "ResAdd2": {
        "latency": 0.012328276800000001,
        "utilization": 0.0039869318962728025,
        "cp_latency": 4.9152e-05,
        "energy": 2435246456.8320003
    },
    "TotalLayer": {
        "latency": 0.11023162065562986,
        "energy": 1062107885634.1257,
        "utilization": 95.91142351251476,
        "cp_latency": 0.10572471653172985
    }
}