{
    "RMSNorm": {
        "latency": 0.00687865580625,
        "utilization": 0.015243908541655126,
        "cp_latency": 0.0004194304
    },
    "QKV_fusion": {
        "latency": 0.09081209116625819,
        "utilization": 0.9659947712045704,
        "cp_latency": 0.08772400522875817
    },
    "Flashatten": {
        "latency": 0.009334286452941177,
        "utilization": 0.9302626822862405,
        "cp_latency": 0.008683338352941177
    },
    "Linear": {
        "latency": 0.03247712609187772,
        "utilization": 0.9003670766166024,
        "cp_latency": 0.029241335076252727
    },
    "RMSNorm2": {
        "latency": 0.00687865580625,
        "utilization": 0.015243908541655126,
        "cp_latency": 0.0004194304
    },
    "ResAdd": {
        "latency": 0.0036570692000000003,
        "utilization": 0.00179203609272693,
        "cp_latency": 6.5536e-06
    },
    "FFNup&SiLU": {
        "latency": 0.0823715628688181,
        "utilization": 0.9548041650195607,
        "cp_latency": 0.0786487113063181
    },
    "FFNgate": {
        "latency": 0.08230893957992921,
        "utilization": 0.9547697785744794,
        "cp_latency": 0.07858608801742922
    },
    "Hadamard": {
        "latency": 0.0052014203499999995,
        "utilization": 0.0033861520151894672,
        "cp_latency": 1.6384e-05
    },
    "FFNdown": {
        "latency": 0.08182187903305421,
        "utilization": 0.9604532301889837,
        "cp_latency": 0.0785860880174292
    },
    "ResAdd2": {
        "latency": 0.0036570692000000003,
        "utilization": 0.00179203609272693,
        "cp_latency": 6.5536e-06
    },
    "TotalLayer": {
        "latency": 0.012972760177772113,
        "utilization": 89.37815250634935,
        "cp_latency": 0.011594813375972115
    }
}