{
    "RMSNorm": {
        "latency": 0.006678649503125,
        "utilization": 0.06280167866329035,
        "cp_latency": 0.0004194304,
        "energy": 1009454048.8704001
    },
    "QKV_fusion": {
        "latency": 1.4044388932304432,
        "utilization": 0.999391351539442,
        "cp_latency": 1.4035840836601308,
        "energy": 81065069484.44162
    },
    "Flashatten": {
        "latency": 0.12415143327941176,
        "utilization": 0.9971149414828432,
        "cp_latency": 0.12379324912941177,
        "energy": 228582491974.795
    },
    "Linear": {
        "latency": 0.46846897840754365,
        "utilization": 0.9987029724154513,
        "cp_latency": 0.4678613612200437,
        "energy": 27523942422.937603
    },
    "RMSNorm2": {
        "latency": 0.006678649503125,
        "utilization": 0.06280167866329035,
        "cp_latency": 0.0004194304,
        "energy": 1009454048.8704001
    },
    "ResAdd": {
        "latency": 0.0092065536,
        "utilization": 0.010677611218165286,
        "cp_latency": 9.338880000000001e-05,
        "energy": 3250619154.4319997
    },
    "FFNup&SiLU": {
        "latency": 1.2591765122487457,
        "utilization": 0.9993669423310377,
        "cp_latency": 1.2583793809010895,
        "energy": 721810573279.363
    },
    "FFNgate": {
        "latency": 1.2581745396265236,
        "utilization": 0.9993664381828193,
        "cp_latency": 1.2573774082788673,
        "energy": 80264853166.4896
    },
    "Hadamard": {
        "latency": 0.01599495655,
        "utilization": 0.01651720648156434,
        "cp_latency": 0.0002523136,
        "energy": 3182671429.632
    },
    "FFNdown": {
        "latency": 1.257975183547422,
        "utilization": 0.9995248115571971,
        "cp_latency": 1.2573774082788673,
        "energy": 76896684448.1536
    },
    "ResAdd2": {
        "latency": 0.0092065536,
        "utilization": 0.010677611218165286,
        "cp_latency": 9.338880000000001e-05,
        "energy": 3250619154.4319997
    },
    "TotalLayer": {
        "latency": 0.18624482889908286,
        "energy": 1227846432612.4172,
        "utilization": 99.13232387838839,
        "cp_latency": 0.18462882699098915
    }
}