{
    "RMSNorm": {
        "latency": 0.0419103255515625,
        "utilization": 0.07505854365482782,
        "cp_latency": 0.0033554432,
        "energy": 6784431685.632
    },
    "QKV_fusion": {
        "latency": 11.229608503021279,
        "utilization": 0.9999166637251886,
        "cp_latency": 11.228672669281046,
        "energy": 293230012740.4032
    },
    "Flashatten": {
        "latency": 7.502510006926471,
        "utilization": 0.9999522580910031,
        "cp_latency": 7.502151822776471,
        "energy": 13704599353798.49
    },
    "Linear": {
        "latency": 3.743844652577732,
        "utilization": 0.999745245087366,
        "cp_latency": 3.742890889760349,
        "energy": 96706972457.36958
    },
    "RMSNorm2": {
        "latency": 0.0419103255515625,
        "utilization": 0.07505854365482782,
        "cp_latency": 0.0033554432,
        "energy": 6784431685.632
    },
    "ResAdd": {
        "latency": 0.0418762144,
        "utilization": 0.018153923674629004,
        "cp_latency": 0.0007471104000000001,
        "energy": 8911842390.835201
    },
    "FFNup&SiLU": {
        "latency": 10.06820250936692,
        "utilization": 0.9998840446289079,
        "cp_latency": 10.067035047208716,
        "energy": 686164317071.9991
    },
    "FFNgate": {
        "latency": 10.059937170894024,
        "utilization": 0.9999087564218849,
        "cp_latency": 10.059019266230939,
        "energy": 275578769113.088
    },
    "Hadamard": {
        "latency": 0.1066524288,
        "utilization": 0.01917183905707734,
        "cp_latency": 0.0020078592000000004,
        "energy": 23291392897.8432
    },
    "FFNdown": {
        "latency": 10.059899100215313,
        "utilization": 0.9999125404762405,
        "cp_latency": 10.059019266230939,
        "energy": 158710119976.14078
    },
    "ResAdd2": {
        "latency": 0.0418762144,
        "utilization": 0.018153923674629004,
        "cp_latency": 0.0007471104000000001,
        "energy": 8911842390.835201
    },
    "TotalLayer": {
        "latency": 1.6940232784545552,
        "energy": 15269673486208.271,
        "utilization": 99.49143457048689,
        "cp_latency": 1.685408061692431
    }
}