{
    "RMSNorm": {
        "latency": 0.0006068532500000001,
        "utilization": 0.21598631959209247,
        "cp_latency": 6.5536e-05,
        "total_energy": 71371014.14400001,
        "NoC_energy": 0.0,
        "DRAM_energy": 71370276.86400001,
        "Compute_energy": 737.28
    },
    "QKV_fusion": {
        "latency": 0.15461955951466283,
        "utilization": 0.997301721885666,
        "cp_latency": 0.15420235294117646,
        "total_energy": 620237586085.9698,
        "NoC_energy": 6910688278.6099205,
        "DRAM_energy": 613319819919.36,
        "Compute_energy": 7077887.999999999
    },
    "Flashatten": {
        "latency": 0.0001618364140157907,
        "utilization": 0.01183119854499743,
        "cp_latency": 8.031372549019608e-05,
        "total_energy": 1626756999.40224,
        "NoC_energy": 65468387.81952001,
        "DRAM_energy": 1561287720.96,
        "Compute_energy": 890.6227199999998
    },
    "Linear": {
        "latency": 0.05181799088721182,
        "utilization": 0.9919486154066754,
        "cp_latency": 0.05140078431372549,
        "total_energy": 176075666242.92865,
        "NoC_energy": 2303562759.5366397,
        "DRAM_energy": 173770216046.592,
        "Compute_energy": 1887436.7999999996
    },
    "RMSNorm2": {
        "latency": 0.0006068532500000001,
        "utilization": 0.21598631959209247,
        "cp_latency": 6.5536e-05,
        "total_energy": 71371014.14400001,
        "NoC_energy": 0.0,
        "DRAM_energy": 71370276.86400001,
        "Compute_energy": 737.28
    },
    "ResAdd": {
        "latency": 0.0042016476015625,
        "utilization": 0.0019497113458428969,
        "cp_latency": 8.192e-06,
        "total_energy": 512633774613.50397,
        "NoC_energy": 0.0,
        "DRAM_energy": 512633774014.464,
        "Compute_energy": 599.04
    },
    "FFNup&SiLU": {
        "latency": 0.2061514158283883,
        "utilization": 0.9979762129121944,
        "cp_latency": 0.20573420925490196,
        "total_energy": 704077586654.8224,
        "NoC_energy": 9214251038.146559,
        "DRAM_energy": 694855781056.512,
        "Compute_energy": 7554560.16384
    },
    "FFNgate": {
        "latency": 0.2060203438283883,
        "utilization": 0.9979749253606048,
        "cp_latency": 0.20560313725490195,
        "total_energy": 704087648171.4586,
        "NoC_energy": 9214251038.146559,
        "DRAM_energy": 694865847386.112,
        "Compute_energy": 7549747.199999998
    },
    "Hadamard": {
        "latency": 0.001368572,
        "utilization": 0.09577282013660955,
        "cp_latency": 3.2768e-05,
        "total_energy": 199716716.54400003,
        "NoC_energy": 0.0,
        "DRAM_energy": 199715979.26400003,
        "Compute_energy": 737.28
    },
    "FFNdown": {
        "latency": 0.2061034851552926,
        "utilization": 0.9975723462414348,
        "cp_latency": 0.20560313725490195,
        "total_energy": 180752919853.79327,
        "NoC_energy": 5058097085.15328,
        "DRAM_energy": 175689160458.24,
        "Compute_energy": 5662310.3999999985
    },
    "ResAdd2": {
        "latency": 0.0042016476015625,
        "utilization": 0.0019497113458428969,
        "cp_latency": 8.192e-06,
        "total_energy": 512633774613.50397,
        "NoC_energy": 0.0,
        "DRAM_energy": 512633774014.464,
        "Compute_energy": 599.04
    },
    "TotalLayer": {
        "latency": 0.03343440821324339,
        "total_energy": 3412468171980.215,
        "NoC_energy": 32766318587.412483,
        "DRAM_energy": 3379672117149.6963,
        "Compute_energy": 29736243.106559996,
        "utilization": 98.43801074596976,
        "cp_latency": 0.03291216634980393
    }
}