{
    "RMSNorm": {
        "latency": 0.001662296703125,
        "utilization": 0.6307995426019624,
        "cp_latency": 0.001048576,
        "total_energy": 2950596526.08,
        "NoC_energy": 0.0,
        "DRAM_energy": 2950567034.88,
        "Compute_energy": 29491.199999999997
    },
    "QKV_fusion": {
        "latency": 4.934796656422335,
        "utilization": 0.9999348783086595,
        "cp_latency": 4.934475294117647,
        "total_energy": 23519806662094.35,
        "NoC_energy": 67174920597.01248,
        "DRAM_energy": 23451816368799.74,
        "Compute_energy": 815372697.6000003
    },
    "Flashatten": {
        "latency": 0.12263371285664845,
        "utilization": 0.9963045368527604,
        "cp_latency": 0.08224125490196078,
        "total_energy": 1914547170747.5564,
        "NoC_energy": 16759907281.797123,
        "DRAM_energy": 1897784986828.8005,
        "Compute_energy": 2276636.9587199995
    },
    "Linear": {
        "latency": 1.6451475589767155,
        "utilization": 0.9998039926961321,
        "cp_latency": 1.6448250980392156,
        "total_energy": 6727145508726.375,
        "NoC_energy": 21006255548.006397,
        "DRAM_energy": 6705927860256.769,
        "Compute_energy": 211392921.6
    },
    "RMSNorm2": {
        "latency": 0.001662296703125,
        "utilization": 0.6307995426019624,
        "cp_latency": 0.001048576,
        "total_energy": 2950596526.08,
        "NoC_energy": 0.0,
        "DRAM_energy": 2950567034.88,
        "Compute_energy": 29491.199999999997
    },
    "ResAdd": {
        "latency": 0.00483397325,
        "utilization": 0.054229509855065916,
        "cp_latency": 0.000262144,
        "total_energy": 15067781454397.44,
        "NoC_energy": 0.0,
        "DRAM_energy": 15067781435228.16,
        "Compute_energy": 19169.28
    },
    "FFNup&SiLU": {
        "latency": 6.583817157094362,
        "utilization": 0.99995102219126,
        "cp_latency": 6.583494696156863,
        "total_energy": 31571356296664.848,
        "NoC_energy": 83574050625.94559,
        "DRAM_energy": 31487057008263.17,
        "Compute_energy": 725237775.7286397
    },
    "FFNgate": {
        "latency": 6.579622853094363,
        "utilization": 0.999950990969437,
        "cp_latency": 6.5793003921568625,
        "total_energy": 26839660694706.586,
        "NoC_energy": 84025022192.02559,
        "DRAM_energy": 26754790100828.16,
        "Compute_energy": 845571686.4
    },
    "Hadamard": {
        "latency": 0.004256072,
        "utilization": 0.2463717719061144,
        "cp_latency": 0.001048576,
        "total_energy": 55110980285890.55,
        "NoC_energy": 0.0,
        "DRAM_energy": 55110980232806.39,
        "Compute_energy": 53084.15999999999
    },
    "FFNdown": {
        "latency": 6.579622853094363,
        "utilization": 0.999950990969437,
        "cp_latency": 6.5793003921568625,
        "total_energy": 7734630402333.081,
        "NoC_energy": 84025022192.02559,
        "DRAM_energy": 7649759808454.655,
        "Compute_energy": 845571686.4
    },
    "ResAdd2": {
        "latency": 0.00483397325,
        "utilization": 0.054229509855065916,
        "cp_latency": 0.000262144,
        "total_energy": 15067781454397.44,
        "NoC_energy": 0.0,
        "DRAM_energy": 15067781435228.16,
        "Compute_energy": 19169.28
    },
    "TotalLayer": {
        "latency": 1.0585155761378016,
        "total_energy": 183559591123010.4,
        "NoC_energy": 356565178436.81274,
        "DRAM_energy": 183199580370763.75,
        "Compute_energy": 3445573809.80736,
        "utilization": 99.78996148505087,
        "cp_latency": 1.0562922857411765
    }
}