{
    "RMSNorm": {
        "latency": 0.012303649503125002,
        "utilization": 0.03408991778361932,
        "cp_latency": 0.0008388608,
        "energy": 1879184926.3104005
    },
    "QKV_fusion": {
        "latency": 1.4046160477714589,
        "utilization": 0.9992653051964162,
        "cp_latency": 1.4035840836601308,
        "energy": 79602883071.83617
    },
    "Flashatten": {
        "latency": 0.24781285055882357,
        "utilization": 0.998318174787707,
        "cp_latency": 0.24739607265882355,
        "energy": 378933242417.25006
    },
    "Linear": {
        "latency": 0.46868733167902804,
        "utilization": 0.9982376940805603,
        "cp_latency": 0.4678613612200437,
        "energy": 27538799546.859524
    },
    "RMSNorm2": {
        "latency": 0.012303649503125002,
        "utilization": 0.03408991778361932,
        "cp_latency": 0.0008388608,
        "energy": 1879184926.3104005
    },
    "ResAdd": {
        "latency": 0.0137282768,
        "utilization": 0.006922004952580793,
        "cp_latency": 9.50272e-05,
        "energy": 4182680744.755201
    },
    "FFNup&SiLU": {
        "latency": 1.8740552344143757,
        "utilization": 0.9994031758377377,
        "cp_latency": 1.8729367529690633,
        "energy": 1445876692833.7961
    },
    "FFNgate": {
        "latency": 1.8725639263254867,
        "utilization": 0.9994027005275556,
        "cp_latency": 1.8714454448801743,
        "energy": 117246411868.73344
    },
    "Hadamard": {
        "latency": 0.0418631072,
        "utilization": 0.00907980380395653,
        "cp_latency": 0.00037355520000000004,
        "energy": 8911842390.835201
    },
    "FFNdown": {
        "latency": 1.8722274700266588,
        "utilization": 0.9995823022795016,
        "cp_latency": 1.8714454448801743,
        "energy": 118880342313.53343
    },
    "ResAdd2": {
        "latency": 0.0137282768,
        "utilization": 0.006922004952580793,
        "cp_latency": 9.50272e-05,
        "energy": 4182680744.755201
    },
    "TotalLayer": {
        "latency": 0.2506844742586266,
        "energy": 2189113945784.975,
        "utilization": 98.76205395614734,
        "cp_latency": 0.24758113572698914
    }
}