{
    "RMSNorm": {
        "latency": 0.006652435103125001,
        "utilization": 0.03152457660225587,
        "cp_latency": 0.0004194304,
        "energy": 1009454048.8704001
    },
    "QKV_fusion": {
        "latency": 0.7029562996425653,
        "utilization": 0.9983437692882303,
        "cp_latency": 0.7017920418300654,
        "energy": 43491144727.26528
    },
    "Flashatten": {
        "latency": 0.06646853833235294,
        "utilization": 0.9928512517061215,
        "cp_latency": 0.06599337148235294,
        "energy": 52244700616.368004
    },
    "Linear": {
        "latency": 0.23501437201627184,
        "utilization": 0.9953888292151981,
        "cp_latency": 0.23393068061002184,
        "energy": 15162664154.56256
    },
    "RMSNorm2": {
        "latency": 0.006652435103125001,
        "utilization": 0.03152457660225587,
        "cp_latency": 0.0004194304,
        "energy": 1009454048.8704001
    },
    "ResAdd": {
        "latency": 0.0092032768,
        "utilization": 0.0053407064753284396,
        "cp_latency": 4.75136e-05,
        "energy": 3250619154.4319997
    },
    "FFNup&SiLU": {
        "latency": 0.9376948901564068,
        "utilization": 0.9986919906626873,
        "cp_latency": 0.9364683764845319,
        "energy": 415883475097.22314
    },
    "FFNgate": {
        "latency": 0.9369492361119623,
        "utilization": 0.9986909497071959,
        "cp_latency": 0.9357227224400874,
        "energy": 57655385013.61664
    },
    "Hadamard": {
        "latency": 0.022963107200000003,
        "utilization": 0.00856190751049579,
        "cp_latency": 0.00018677760000000002,
        "energy": 4609573650.432
    },
    "FFNdown": {
        "latency": 0.9368064138463373,
        "utilization": 0.9988432066751117,
        "cp_latency": 0.9357227224400874,
        "energy": 58526814584.176636
    },
    "ResAdd2": {
        "latency": 0.0092032768,
        "utilization": 0.0053407064753284396,
        "cp_latency": 4.75136e-05,
        "energy": 3250619154.4319997
    },
    "TotalLayer": {
        "latency": 0.1238580569955887,
        "energy": 656093904250.2491,
        "utilization": 98.45465167658156,
        "cp_latency": 0.12194401858838871
    }
}