{
    "RMSNorm": {
        "latency": 0.0041810972125,
        "utilization": 0.012539483617662956,
        "cp_latency": 0.0004194304,
        "total_energy": 470221199.7696001,
        "NoC_energy": 0.0,
        "DRAM_energy": 470220904.8576001,
        "Compute_energy": 294.912
    },
    "QKV_fusion": {
        "latency": 0.18047335225439134,
        "utilization": 0.9721546603190958,
        "cp_latency": 0.17544801045751635,
        "total_energy": 358249867625.1034,
        "NoC_energy": 9300104089.43616,
        "DRAM_energy": 348928825570.09924,
        "Compute_energy": 20937965.568
    },
    "Flashatten": {
        "latency": 0.022816447705882353,
        "utilization": 0.3621944810086962,
        "cp_latency": 0.008263991435294117,
        "total_energy": 11837451787.059166,
        "NoC_energy": 8893880485.281792,
        "DRAM_energy": 2943495438.3359995,
        "Compute_energy": 75863.441376
    },
    "Linear": {
        "latency": 0.06373872484000545,
        "utilization": 0.9175374985820073,
        "cp_latency": 0.05848267015250545,
        "total_energy": 88852641108.45952,
        "NoC_energy": 3109166430.2899203,
        "DRAM_energy": 85739179710.8736,
        "Compute_energy": 4294967.296
    },
    "RMSNorm2": {
        "latency": 0.0041810972125,
        "utilization": 0.012539483617662956,
        "cp_latency": 0.0004194304,
        "total_energy": 470221199.7696001,
        "NoC_energy": 0.0,
        "DRAM_energy": 470220904.8576001,
        "Compute_energy": 294.912
    },
    "ResAdd": {
        "latency": 0.0067008192,
        "utilization": 0.0018338056337947454,
        "cp_latency": 1.31072e-05,
        "total_energy": 288880375797.0721,
        "NoC_energy": 0.0,
        "DRAM_energy": 288880374841.34406,
        "Compute_energy": 955.728
    },
    "FFNup&SiLU": {
        "latency": 0.23958433044925792,
        "utilization": 0.9771803259508954,
        "cp_latency": 0.2341170941211329,
        "total_energy": 718148631015.7189,
        "NoC_energy": 12001837748.06016,
        "DRAM_energy": 706123152123.4944,
        "Compute_energy": 23641144.164352003
    },
    "FFNgate": {
        "latency": 0.2393979169381468,
        "utilization": 0.9771625568089735,
        "cp_latency": 0.23393068061002179,
        "total_energy": 602255002288.7834,
        "NoC_energy": 12001837748.06016,
        "DRAM_energy": 590229542220.5952,
        "Compute_energy": 23622320.128000006
    },
    "Hadamard": {
        "latency": 0.012328276800000001,
        "utilization": 0.0039869318962728025,
        "cp_latency": 4.9152e-05,
        "total_energy": 986461902321.6958,
        "NoC_energy": 0.0,
        "DRAM_energy": 986461897752.5758,
        "Compute_energy": 4569.119999999999
    },
    "FFNdown": {
        "latency": 0.23910159125455305,
        "utilization": 0.978373583306578,
        "cp_latency": 0.2339306806100218,
        "total_energy": 197045959765.52454,
        "NoC_energy": 12435721059.04128,
        "DRAM_energy": 184590911353.65125,
        "Compute_energy": 19327352.832000002
    },
    "ResAdd2": {
        "latency": 0.0067008192,
        "utilization": 0.0018338056337947454,
        "cp_latency": 1.31072e-05,
        "total_energy": 288880375797.0721,
        "NoC_energy": 0.0,
        "DRAM_energy": 288880374841.34406,
        "Compute_energy": 955.728
    },
    "TotalLayer": {
        "latency": 0.03261454313815158,
        "total_energy": 3541552649906.0283,
        "NoC_energy": 57742547560.16947,
        "DRAM_energy": 3483718195662.0293,
        "Compute_energy": 91906683.82972802,
        "utilization": 92.72794415259057,
        "cp_latency": 0.030242795346767756
    }
}